alpha,g,omega,L,neleca,nelecb,U,t,Nmax,D,energy_centered,paper_energy_shift,energy,residual,solver,solver_converged,delta_E,cutoff_converged,cutoff_tolerance,residual_tolerance,required_consecutive,convention,seconds,matvecs
0.0,0.0,0.5,4,2,2,4.0,-1.0,0,36,-2.102748483462074,-0.0,-2.102748483462074,2.371503224531185e-09,davidson,True,,True,1e-06,1e-08,2,centered_solve_paper_energy,0.022226152999792248,23
0.4,0.4472135954999579,0.5,4,2,2,4.0,-1.0,8,236196,-2.122234679001327,-1.6,-3.722234679001327,8.987263440317318e-09,davidson,True,2.8759217229890055e-12,True,1e-06,1e-08,2,centered_solve_paper_energy,1.1332080139982281,34
0.8,0.6324555320336759,0.5,4,2,2,4.0,-1.0,8,236196,-2.1434563948682417,-3.2,-5.343456394868242,9.104419483010256e-09,davidson,True,9.186678084915911e-10,True,1e-06,1e-08,2,centered_solve_paper_energy,1.1094642370007932,37
1.2,0.7745966692414834,0.5,4,2,2,4.0,-1.0,10,527076,-2.1669593173568167,-4.8,-6.9669593173568165,6.453760263117556e-09,davidson,True,5.687317283786797e-10,True,1e-06,1e-08,2,centered_solve_paper_energy,2.637937963998411,40
1.6,0.8944271909999159,0.5,4,2,2,4.0,-1.0,12,1028196,-2.193747158530603,-6.4,-8.593747158530604,7.463090792335784e-09,davidson,True,1.6876238184693193e-09,True,1e-06,1e-08,2,centered_solve_paper_energy,6.249606394005241,46
2.0,1.0,0.5,4,2,2,4.0,-1.0,14,1822500,-2.2264928611924693,-8.0,-10.226492861192469,7.852395499434273e-09,davidson,True,5.400970914948289e-08,True,1e-06,1e-08,2,centered_solve_paper_energy,21.82509748399025,75
2.4,1.0954451150103321,0.5,4,2,2,4.0,-1.0,26,19131876,-3.05804240968778,-9.6,-12.65804240968778,9.984923770793209e-09,davidson,True,9.75046710038896e-11,True,1e-06,1e-08,2,centered_solve_paper_energy,227.78998326099827,40
2.8,1.1832159566199232,0.5,4,2,2,4.0,-1.0,28,25462116,-4.332140759146178,-11.2,-15.532140759146177,7.694532759677288e-09,davidson,True,2.582867253408949e-10,True,1e-06,1e-08,2,centered_solve_paper_energy,380.35537980699155,48
3.2,1.2649110640673518,0.5,4,2,2,4.0,-1.0,28,25462116,-5.7248258586053655,-12.8,-18.524825858605368,9.639065543233257e-09,davidson,True,7.804491275464898e-09,True,1e-06,1e-08,2,centered_solve_paper_energy,416.99116891800077,82
3.6,1.3416407864998738,0.5,4,2,2,4.0,-1.0,30,33246756,-7.181425563209032,-14.4,-21.58142556320903,9.475549202395009e-09,davidson,True,7.87095011389738e-09,True,1e-06,1e-08,2,centered_solve_paper_energy,650.1219777519999,85
4.0,1.4142135623730951,0.5,4,2,2,4.0,-1.0,33,48108096,-8.676379084041194,-16.0,-24.676379084041194,8.879425107728497e-09,davidson,True,3.39191785769799e-10,True,1e-06,1e-08,2,centered_solve_paper_energy,620.1001384970004,53
0.0,0.0,5.0,4,2,2,4.0,-1.0,0,36,-2.102748483462074,-0.0,-2.102748483462074,2.371503224531185e-09,davidson,True,,True,1e-06,1e-08,2,centered_solve_paper_energy,0.017842874993220903,23
0.4,1.4142135623730951,5.0,4,2,2,4.0,-1.0,8,236196,-2.2208165388903702,-1.6,-3.8208165388903703,3.3310733386791346e-09,davidson,True,1.8141044222375058e-12,True,1e-06,1e-08,2,centered_solve_paper_energy,0.6474233939952683,27
0.8,2.0,5.0,4,2,2,4.0,-1.0,8,236196,-2.3639038850224967,-3.2,-5.563903885022497,6.802897579885215e-09,davidson,True,3.981859286739109e-10,True,1e-06,1e-08,2,centered_solve_paper_energy,0.8048327490105294,31
1.2000000000000002,2.4494897427831783,5.0,4,2,2,4.0,-1.0,10,527076,-2.5425438200149286,-4.800000000000001,-7.34254382001493,7.745004619705317e-09,davidson,True,9.118483745851336e-12,True,1e-06,1e-08,2,centered_solve_paper_energy,2.398982345999684,38
1.6,2.8284271247461903,5.0,4,2,2,4.0,-1.0,10,527076,-2.7749362829972934,-6.4,-9.174936282997294,5.9672359366446815e-09,davidson,True,2.5149748950070716e-10,True,1e-06,1e-08,2,centered_solve_paper_energy,2.9318820439948468,51
2.0,3.1622776601683795,5.0,4,2,2,4.0,-1.0,12,1028196,-3.0966230350777173,-8.0,-11.096623035077718,9.667394898561548e-09,davidson,True,6.616485137556083e-12,True,1e-06,1e-08,2,centered_solve_paper_energy,21.617585107989726,157
2.4000000000000004,3.464101615137755,5.0,4,2,2,4.0,-1.0,12,1028196,-3.998069602279995,-9.600000000000001,-13.598069602279995,8.750299056595883e-09,davidson,True,3.0444979870480893e-10,True,1e-06,1e-08,2,centered_solve_paper_energy,12.595328267998411,100
2.8000000000000003,3.7416573867739418,5.0,4,2,2,4.0,-1.0,12,1028196,-5.052413587589701,-11.200000000000001,-16.2524135875897,8.776370404383373e-09,davidson,True,1.9685062468965953e-09,True,1e-06,1e-08,2,centered_solve_paper_energy,11.753770939001697,91
3.2,4.0,5.0,4,2,2,4.0,-1.0,14,1822500,-6.239227943310347,-12.8,-19.039227943310348,6.6651604092772684e-09,davidson,True,2.942535104466515e-11,True,1e-06,1e-08,2,centered_solve_paper_energy,27.304454088007333,92
3.6,4.242640687119285,5.0,4,2,2,4.0,-1.0,14,1822500,-7.5389244235801876,-14.4,-21.93892442358019,9.025687036144413e-09,davidson,True,1.502842295053597e-10,True,1e-06,1e-08,2,centered_solve_paper_energy,26.900638136008638,97
4.0,4.47213595499958,5.0,4,2,2,4.0,-1.0,14,1822500,-8.925942921721164,-16.0,-24.925942921721166,6.018916350475667e-09,davidson,True,6.230127524986528e-10,True,1e-06,1e-08,2,centered_solve_paper_energy,27.7572806399985,102
