omega,alpha,g,L,neleca,nelecb,U,t,convention,frame_recipe,overlap_cut,hf_energy,mp2_energy,mp2_energy_max12_all_modes,mp2_sum_change,ed_energy,ed_Nmax,ed_dimension,ed_residual,ed_delta_E,ed_energy_centered,ed_paper_shift,ed_cutoff_converged,ed_cutoff_tolerance,mr_one_frame_energy,mr_orbit_energy,hf_start,mr_energy,mr_rank,mr_nframes,mr_matrix_dimension,mr_norm_error,mr_residual_full,mr_residual_projected,mr_gap,mr_cutoff_energy_spread,mr_rank_loose,mr_rank_tight,hf_minus_ed,mp2_minus_ed,mr_minus_ed,hf_charge_imbalance,hf_spin_amplitude,hf_rho_0_0,hf_rho_0_1,hf_rho_0_2,hf_rho_0_3,hf_rho_1_0,hf_rho_1_1,hf_rho_1_2,hf_rho_1_3,mr_charge_imbalance,mr_spin_amplitude,mr_rho_0_0,mr_rho_0_1,mr_rho_0_2,mr_rho_0_3,mr_rho_1_0,mr_rho_1_1,mr_rho_1_2,mr_rho_1_3,mr_density_near_degenerate,mr_closer_than_mp2
0.5,0.0,0.0,4,2,2,4.0,-1.0,paper_uncentered,selected_HF_translation_orbit_plus_uniform_CS;full_site_CI_per_frame,1e-10,-1.7632978285545784,-1.8302713958514714,-1.8302713958514714,0.0,-2.102748483462074,0,36,2.371503224531185e-09,,-2.102748483462074,-0.0,True,1e-06,-2.102748483462076,-2.102748483462073,afm,-2.1027484834620735,36,5,180,0.0,1.3342934009316356e-14,5.9671414928250354e-15,0.2963246316389716,0.0,36,36,0.3394506549074956,0.27247708761060263,4.440892098500626e-16,6.857787882008637e-08,0.8161463765311586,0.9080731814075486,0.09192683566500183,0.9080731733220209,0.09192680960542855,0.09192681536632177,0.90807320302576,0.09192679679086224,0.908073184817056,1.1102230246251565e-16,5.88418203051333e-15,0.5000000000000029,0.4999999999999971,0.5000000000000016,0.49999999999999845,0.4999999999999971,0.500000000000003,0.49999999999999833,0.5000000000000017,False,True
0.5,0.4,0.4472135954999579,4,2,2,4.0,-1.0,paper_uncentered,selected_HF_translation_orbit_plus_uniform_CS;full_site_CI_per_frame,1e-10,-3.3903528570521018,-3.4621898220720544,-3.4621898334278685,-1.1355814066860148e-08,-3.722234679001327,8,236196,8.987263440317318e-09,2.8759217229890055e-12,-2.122234679001327,-1.6,True,1e-06,-3.7210411543856643,-3.7210411543856665,afm,-3.721918701727174,66,5,180,2.220446049250313e-16,2.0662151771090197e-10,2.8255633430852613e-14,0.2878729333829102,0.0,66,66,0.3318818219492252,0.2600448569292726,0.0003159772741527789,1.2743510802160074e-08,0.8083223672340556,0.9041611839448286,0.09583881286681607,0.9041611851544298,0.09583881803392558,0.09583881671077293,0.904161179758497,0.0958388202143941,0.9041611833163362,2.220446049250313e-16,1.609823385706477e-14,0.499999999999992,0.5000000000000078,0.4999999999999928,0.5000000000000077,0.5000000000000081,0.49999999999999234,0.5000000000000074,0.49999999999999256,False,True
0.5,0.8,0.6324555320336759,4,2,2,4.0,-1.0,paper_uncentered,selected_HF_translation_orbit_plus_uniform_CS;full_site_CI_per_frame,1e-10,-5.019275739274033,-5.097945101229727,-5.097945225270646,-1.2404091886963897e-07,-5.343456394868242,8,236196,9.104419483010256e-09,9.186678084915911e-10,-2.1434563948682417,-3.2,True,1e-06,-5.339980344783536,-5.339980344783533,previous,-5.342037921823665,66,5,180,0.0,2.8349130919081663e-10,4.0184934245916287e-14,0.27855015882406686,0.0,66,66,0.3241806555942093,0.24551129363851487,0.0014184730445769844,5.7136589792783354e-08,0.7996204224639527,0.8998102024574471,0.10018977583172707,0.8998102129264276,0.10018980878439802,0.10018977999349443,0.8998101976758746,0.1001898004708385,0.8998102218597933,7.771561172376096e-16,1.0769163338864018e-14,0.5000000000000051,0.49999999999999456,0.5000000000000053,0.4999999999999949,0.49999999999999534,0.5000000000000053,0.49999999999999456,0.5000000000000048,False,True
0.5,1.2,0.7745966692414834,4,2,2,4.0,-1.0,paper_uncentered,selected_HF_translation_orbit_plus_uniform_CS;full_site_CI_per_frame,1e-10,-6.650344320864683,-6.738586004705379,-6.738586590330078,-5.856246989566216e-07,-6.9669593173568165,10,527076,6.453760263117556e-09,5.687317283786797e-10,-2.1669593173568167,-4.8,True,1e-06,-6.959592409532277,-6.95959240953229,previous,-6.963236047505919,66,5,180,2.220446049250313e-16,1.4697642956196308e-09,3.8420666107846565e-14,0.26821002637586133,0.0,66,66,0.31661499649213365,0.22837331265143757,0.003723269850897104,1.5586656854083003e-07,0.7898556661868331,0.8949278516907162,0.1050721355308183,0.8949278475867394,0.10507216519172756,0.10507221382845544,0.8949277741217848,0.10507218139990623,0.8949278306498549,5.551115123125783e-16,4.107825191113079e-15,0.5000000000000012,0.49999999999999983,0.5000000000000006,0.49999999999999767,0.49999999999999833,0.5000000000000001,0.49999999999999933,0.5000000000000018,False,True
0.5,1.6,0.8944271909999159,4,2,2,4.0,-1.0,paper_uncentered,selected_HF_translation_orbit_plus_uniform_CS;full_site_CI_per_frame,1e-10,-8.28390904877668,-8.38562656365509,-8.385628562922369,-1.999267277952299e-06,-8.593747158530604,12,1028196,7.463090792335784e-09,1.6876238184693193e-09,-2.193747158530603,-6.4,True,1e-06,-8.579893662784617,-8.579893662784617,previous,-8.585678806123044,66,5,180,1.1102230246251565e-15,1.6729969122195613e-09,5.1308523900471936e-14,0.25666257338592047,0.0,66,66,0.30983810975392423,0.20812059487551338,0.008068352407560653,2.8930169371221837e-08,0.7787783635610201,0.8893891726129722,0.11061082437212412,0.8893891759206524,0.11061082709425288,0.11061081835319803,0.8893891791709706,0.11061081235963219,0.8893891901162011,1.1102230246251565e-15,8.659739592076221e-15,0.5000000000000022,0.49999999999999634,0.5000000000000048,0.499999999999999,0.49999999999999917,0.5000000000000043,0.4999999999999961,0.5000000000000028,False,True
0.5,2.0,1.0,4,2,2,4.0,-1.0,paper_uncentered,selected_HF_translation_orbit_plus_uniform_CS;full_site_CI_per_frame,1e-10,-9.920423582660582,-10.041356056035863,-10.041361885795169,-5.8297593064082776e-06,-10.226492861192469,14,1822500,7.852395499434273e-09,5.400970914948289e-08,-2.2264928611924693,-8.0,True,1e-06,-10.200878817722657,-10.200878817722664,previous,-10.209584575173736,66,5,180,2.220446049250313e-16,1.5411039179257568e-09,1.1572982217049664e-13,0.24365262623501138,0.0,66,66,0.30606927853188637,0.18513680515660624,0.016908286018733065,9.922849542043366e-09,0.7660384046572618,0.8830192035934407,0.116980803917923,0.8830191597308582,0.116980832757781,0.11698079893617881,0.883019196981653,0.11698084351597174,0.8830191605661993,1.9984014443252818e-15,1.73749903353837e-14,0.5000000000000078,0.4999999999999945,0.5000000000000057,0.4999999999999916,0.4999999999999929,0.5000000000000046,0.499999999999993,0.500000000000009,False,True
0.5,2.4,1.0954451150103321,4,2,2,4.0,-1.0,paper_uncentered,selected_HF_translation_orbit_plus_uniform_CS;full_site_CI_per_frame,1e-10,-12.627943278067704,-12.659613511812294,-12.659613969450017,-4.5763772327234165e-07,-12.65804240968778,26,19131876,9.984923770793209e-09,9.75046710038896e-11,-3.05804240968778,-9.6,True,1e-06,-12.644287224040061,-12.644287224040498,cdw,-12.644287477340535,108,5,180,3.3306690738754696e-16,2.066949584772957e-09,5.509924042764995e-14,1.641103750671391e-07,0.0,108,108,0.03009913162007649,-0.0015711021245135015,0.01375493234724523,1.7329003263493952,6.423917074671603e-08,0.933225064429041,0.06677488921429771,0.9332250950170288,0.06677495133963207,0.9332251001583796,0.06677494902372763,0.9332250637174321,0.06677488710046132,4.924517249538241e-07,3.885780586188048e-16,0.4999998768870687,0.5000001231129312,0.49999987688706876,0.5000001231129307,0.4999998768870691,0.5000001231129312,0.4999998768870686,0.5000001231129306,False,False
0.5,2.8,1.1832159566199232,4,2,2,4.0,-1.0,paper_uncentered,selected_HF_translation_orbit_plus_uniform_CS;full_site_CI_per_frame,1e-10,-15.522233916388132,-15.533014937611894,-15.533014992592165,-5.498027100259151e-08,-15.532140759146177,28,25462116,7.694532759677288e-09,2.582867253408949e-10,-4.332140759146178,-11.2,True,1e-06,-15.52765175189668,-15.527651751896684,cdw,-15.527651753489538,108,5,180,2.4424906541753444e-15,4.798989748822268e-10,3.986950179285937e-14,6.89354351379734e-10,0.0,108,108,0.009906842758045542,-0.0008741784657164686,0.004489005656639122,1.8355461113531195,9.541466367002371e-09,0.9588865242084065,0.04111347679443379,0.9588865233609613,0.04111347563619827,0.9588865309875908,0.041113467252967426,0.9588865320395595,0.04111346971988253,5.045166398409684e-05,2.220446049250313e-16,0.5000126129159971,0.4999873870840051,0.5000126129159973,0.49998738708400564,0.5000126129159972,0.4999873870840052,0.5000126129159971,0.49998738708400564,True,False
0.5,3.2,1.2649110640673518,4,2,2,4.0,-1.0,paper_uncentered,selected_HF_translation_orbit_plus_uniform_CS;full_site_CI_per_frame,1e-10,-18.520784666214198,-18.525173242657306,-18.525173252283388,-9.626081265423636e-09,-18.524825858605368,28,25462116,9.639065543233257e-09,7.804491275464898e-09,-5.7248258586053655,-12.8,True,1e-06,-18.522928029379504,-18.522928029379536,previous,-18.52292802939743,108,5,180,1.4432899320127035e-15,2.0521370105447987e-10,4.8008284856472364e-14,5.030642569181509e-12,0.0,108,108,0.004041192391170512,-0.00034738405193834865,0.0018978292079374626,1.8900369659626697,1.1744993935747239e-09,0.9725092373020493,0.027490761644537356,0.9725092415576773,0.027490759495735973,0.9725092367909711,0.027490762665828037,0.9725092422219649,0.02749075832123658,0.0018729212297599052,2.220446049250313e-16,0.5004682303074391,0.49953176969255936,0.5004682303074394,0.49953176969255925,0.5004682303074391,0.49953176969255925,0.5004682303074393,0.49953176969255947,True,False
0.5,3.6,1.3416407864998738,4,2,2,4.0,-1.0,paper_uncentered,selected_HF_translation_orbit_plus_uniform_CS;full_site_CI_per_frame,1e-10,-21.57950498357539,-21.5815686346212,-21.58156863686768,-2.246480335088563e-09,-21.58142556320903,30,33246756,9.475549202395009e-09,7.87095011389738e-09,-7.181425563209032,-14.4,True,1e-06,-21.580479071694764,-21.580479071694796,previous,-21.58047907169502,108,5,180,1.2212453270876722e-15,4.550439460070868e-10,6.50395674958119e-14,5.684341886080802e-14,0.0,108,108,0.0019205796336407843,-0.0001430714121681831,0.0009464915140107166,1.9216486011733611,8.132834277557732e-09,0.9804121540440759,0.01958784626691543,0.9804121527321347,0.019587846956874738,0.9804121466734599,0.019587854399749707,0.9804121463394911,0.01958785258729995,1.9212205827145248,2.220446049250313e-16,0.9803051456786304,0.019694854321368263,0.9803051456786305,0.019694854321368215,0.9803051456786306,0.01969485432136816,0.9803051456786307,0.01969485432136824,True,False
0.5,4.0,1.4142135623730951,4,2,2,4.0,-1.0,paper_uncentered,selected_HF_translation_orbit_plus_uniform_CS;full_site_CI_per_frame,1e-10,-24.67535828732747,-24.67644242741536,-24.676442428064096,-6.487361758900079e-10,-24.676379084041194,33,48108096,8.879425107728497e-09,3.39191785769799e-10,-8.676379084041194,-16.0,True,1e-06,-24.67585007891426,-24.67585007891431,previous,-24.6758500789143,108,5,180,1.1102230246251565e-15,4.825030195799128e-11,4.765047350865367e-14,7.105427357601002e-15,0.0,108,108,0.001020796713724792,-6.334337416546987e-05,0.0005290051268929119,1.9414516290703157,6.824256715276533e-10,0.9853629061106361,0.014637091868739231,0.9853629069183177,0.014637095102308406,0.9853629066630291,0.014637092215154813,0.9853629062358921,0.01463709488592621,1.9412600431995182,3.3306690738754696e-16,0.014684989200120863,0.9853150107998803,0.014684989200120874,0.9853150107998802,0.01468498920012104,0.9853150107998799,0.014684989200121125,0.9853150107998799,True,False
5.0,0.0,0.0,4,2,2,4.0,-1.0,paper_uncentered,selected_HF_translation_orbit_plus_uniform_CS;full_site_CI_per_frame,1e-10,-1.7632978285545784,-1.8302713958514714,-1.8302713958514714,0.0,-2.102748483462074,0,36,2.371503224531185e-09,,-2.102748483462074,-0.0,True,1e-06,-2.102748483462076,-2.102748483462073,afm,-2.1027484834620735,36,5,180,0.0,1.3342934009316356e-14,5.9671414928250354e-15,0.2963246316389716,0.0,36,36,0.3394506549074956,0.27247708761060263,4.440892098500626e-16,6.857787882008637e-08,0.8161463765311586,0.9080731814075486,0.09192683566500183,0.9080731733220209,0.09192680960542855,0.09192681536632177,0.90807320302576,0.09192679679086224,0.908073184817056,1.1102230246251565e-16,5.88418203051333e-15,0.5000000000000029,0.4999999999999971,0.5000000000000016,0.49999999999999845,0.4999999999999971,0.500000000000003,0.49999999999999833,0.5000000000000017,False,True
5.0,0.4,1.4142135623730951,4,2,2,4.0,-1.0,paper_uncentered,selected_HF_translation_orbit_plus_uniform_CS;full_site_CI_per_frame,1e-10,-3.5187548537036326,-3.5944479038455377,-3.59444793557882,-3.1733282224166715e-08,-3.8208165388903703,8,236196,3.3310733386791346e-09,1.8141044222375058e-12,-2.2208165388903702,-1.6,True,1e-06,-3.8185766933973153,-3.8185766933973295,previous,-3.820347355834281,66,5,180,1.2212453270876722e-15,1.568847056783279e-09,5.905388122819292e-14,0.2586956113732777,0.0,66,66,0.3020616851867377,0.22636863504483262,0.0004691830560892285,7.099927867848521e-09,0.7780830887593028,0.8890415188444052,0.11095848064893156,0.8890415426826976,0.11095845782396657,0.11095847889053259,0.8890415230570887,0.1109584539233949,0.889041544128984,3.3306690738754696e-16,9.547918011776346e-15,0.5000000000000021,0.4999999999999954,0.5000000000000042,0.49999999999999567,0.49999999999999656,0.5000000000000033,0.49999999999999467,0.5000000000000029,False,True
5.0,0.8,2.0,4,2,2,4.0,-1.0,paper_uncentered,selected_HF_translation_orbit_plus_uniform_CS;full_site_CI_per_frame,1e-10,-5.31459554649952,-5.396506630803355,-5.396507109344655,-4.785412999197547e-07,-5.563903885022497,8,236196,6.802897579885215e-09,3.981859286739109e-10,-2.3639038850224967,-3.2,True,1e-06,-5.556767774660917,-5.556767774660957,previous,-5.561667914922781,66,5,180,0.0,5.819798724199214e-09,3.2232936544177375e-14,0.2080138755283567,0.0,66,66,0.24930833852297685,0.16739725421914198,0.0022359700997158782,8.42654683808064e-08,0.7279312585945706,0.8639655762809668,0.13603441021624624,0.8639656140339845,0.1360343994688036,0.1360343901893208,0.8639656031043143,0.1360343554394139,0.8639656512669524,3.3306690738754696e-16,9.658940314238862e-15,0.5000000000000049,0.4999999999999961,0.5000000000000022,0.49999999999999706,0.4999999999999952,0.5000000000000041,0.49999999999999767,0.5000000000000031,False,True
5.0,1.2,2.449489742783178,4,2,2,4.0,-1.0,paper_uncentered,selected_HF_translation_orbit_plus_uniform_CS;full_site_CI_per_frame,1e-10,-7.162385302274028,-7.2417963825113,-7.241799382567768,-3.000056468138723e-06,-7.34254382001493,10,527076,7.745004619705317e-09,9.118483745851336e-12,-2.5425438200149286,-4.800000000000001,True,1e-06,-7.327201313664345,-7.3272013136643475,afm,-7.336223734341352,66,5,180,6.661338147750939e-16,7.484659130695349e-10,1.7357385468974e-14,0.14328122200485804,0.0,66,66,0.1801585177409022,0.10074743750362991,0.006320085673578113,1.2683726624551639e-08,0.6650905626540847,0.8325452800258079,0.1674547256463579,0.8325452774975935,0.1674547168302404,0.16745472519476823,0.8325452672442079,0.16745472807669873,0.8325452794843251,1.6653345369377348e-15,8.271161533457416e-15,0.5000000000000026,0.4999999999999956,0.5000000000000028,0.4999999999999977,0.4999999999999974,0.5000000000000039,0.49999999999999556,0.5000000000000018,False,True
5.0,1.6,2.8284271247461903,4,2,2,4.0,-1.0,paper_uncentered,selected_HF_translation_orbit_plus_uniform_CS;full_site_CI_per_frame,1e-10,-9.071326648818001,-9.135069800911303,-9.135082121447676,-1.2320536372456559e-05,-9.174936282997294,10,527076,5.9672359366446815e-09,2.5149748950070716e-10,-2.7749362829972934,-6.4,True,1e-06,-9.147990321523244,-9.14799032152327,previous,-9.159989402805415,66,5,180,5.551115123125783e-16,3.815628386118142e-09,3.756542701809171e-14,0.06996387822545991,0.0,66,66,0.1036096341792927,0.03986648208599064,0.01494688019187862,2.607067839388577e-08,0.5938021099270773,0.7969010492441182,0.20309895756784668,0.7969010456108199,0.20309894757721542,0.20309893931704093,0.7969010570639908,0.203098951899208,0.7969010517197609,2.9976021664879227e-15,1.084687895058778e-13,0.49999999999994804,0.5000000000000502,0.4999999999999458,0.5000000000000546,0.5000000000000505,0.4999999999999477,0.5000000000000543,0.49999999999994627,False,True
5.0,2.0,3.1622776601683795,4,2,2,4.0,-1.0,paper_uncentered,selected_HF_translation_orbit_plus_uniform_CS;full_site_CI_per_frame,1e-10,-11.043840443140333,-11.091737534601885,-11.091774857371444,-3.7322769559366975e-05,-11.096623035077718,12,1028196,9.667394898561548e-09,6.616485137556083e-12,-3.0966230350777173,-8.0,True,1e-06,-11.04979260377858,-11.060359730441062,cdw,-11.070408665766939,108,5,180,7.771561172376096e-16,6.82798557170269e-09,3.0516037220054277e-13,0.011466692107374499,0.0,108,108,0.05278259193738499,0.004885500475833027,0.026214369310778807,1.0442841011015664,6.294378018800728e-09,0.7610710373588121,0.23892900490753746,0.7610709752077877,0.23892898252586212,0.7610710310644341,0.2389290048868204,0.7610709792529285,0.23892898479581764,3.774758283725532e-15,5.117017920497346e-13,0.49999999999974454,0.5000000000002527,0.4999999999997471,0.5000000000002541,0.5000000000002562,0.4999999999997445,0.5000000000002534,0.49999999999974437,False,False
5.0,2.4,3.4641016151377544,4,2,2,4.0,-1.0,paper_uncentered,selected_HF_translation_orbit_plus_uniform_CS;full_site_CI_per_frame,1e-10,-13.529051437082103,-13.583206834539041,-13.583242172622713,-3.533808367173208e-05,-13.598069602279995,12,1028196,8.750299056595883e-09,3.0444979870480893e-10,-3.998069602279995,-9.600000000000001,True,1e-06,-13.531751186544609,-13.540287438521142,previous,-13.541760471765384,108,5,180,1.7763568394002505e-15,8.675522920674787e-10,1.9186373381117795e-13,0.006127565847858563,0.0,108,108,0.0690181651978925,0.014862767740954297,0.05630913051461128,1.2363199901144182,7.837121035469963e-09,0.8090799985007687,0.19092000484437358,0.8090799992165087,0.19091999743834837,0.8090799927578661,0.19092000835493872,0.8090799936117271,0.1909200052754694,8.597567102697212e-13,2.1094237467877974e-15,0.4999999999997847,0.500000000000213,0.49999999999978884,0.5000000000002166,0.4999999999997867,0.5000000000002138,0.49999999999978845,0.5000000000002145,False,False
5.0,2.8,3.7416573867739413,4,2,2,4.0,-1.0,paper_uncentered,selected_HF_translation_orbit_plus_uniform_CS;full_site_CI_per_frame,1e-10,-16.145128791773622,-16.20258267009877,-16.202602076639828,-1.9406541056810056e-05,-16.2524135875897,12,1028196,8.776370404383373e-09,1.9685062468965953e-09,-5.052413587589701,-11.200000000000001,True,1e-06,-16.152840329205592,-16.169152198091606,previous,-16.172745011817543,108,5,180,2.220446049250313e-16,1.2277539022660045e-07,1.0834333019949836e-13,0.014893610034892646,0.0,108,108,0.10728479581607786,0.049830917490929494,0.07966857577215691,1.480769271735166,6.938176166926269e-08,0.8701922408384606,0.12980767392354234,0.8701923429151842,0.12980774232281297,0.8701923102202223,0.12980767857023723,0.8701922813137615,0.12980772989578163,2.615685446016869e-13,1.1102230246251565e-15,0.5000000000000646,0.4999999999999364,0.5000000000000655,0.49999999999993416,0.5000000000000646,0.49999999999993733,0.5000000000000644,0.4999999999999342,False,False
5.0,3.2,4.0,4,2,2,4.0,-1.0,paper_uncentered,selected_HF_translation_orbit_plus_uniform_CS;full_site_CI_per_frame,1e-10,-18.930256929400382,-18.973006316717587,-18.973012845223245,-6.528505657854566e-06,-19.039227943310348,14,1822500,6.6651604092772684e-09,2.942535104466515e-11,-6.239227943310347,-12.8,True,1e-06,-18.935061015101446,-18.944565575842727,previous,-18.94671112339651,108,5,180,6.661338147750939e-16,4.718314447011752e-09,1.5403841586020607e-13,0.006567523525784935,0.0,108,108,0.10897101390996511,0.06622162659276043,0.0925168199138362,1.6870490119164616,3.52255993263384e-08,0.9217622571521344,0.0782377565869619,0.9217622332788181,0.07823775298208634,0.9217622597617386,0.07823774841044957,0.9217622036201295,0.07823778820768566,1.3036238755148588e-12,2.609024107869118e-15,0.499999999999675,0.5000000000003235,0.49999999999967437,0.5000000000003261,0.49999999999967293,0.5000000000003239,0.499999999999677,0.5000000000003253,False,False
5.0,3.6,4.242640687119285,4,2,2,4.0,-1.0,paper_uncentered,selected_HF_translation_orbit_plus_uniform_CS;full_site_CI_per_frame,1e-10,-21.856168896843226,-21.884074145671732,-21.884076048868476,-1.9031967433136288e-06,-21.93892442358019,14,1822500,9.025687036144413e-09,1.502842295053597e-10,-7.5389244235801876,-14.4,True,1e-06,-21.858071536891767,-21.861044023601877,previous,-21.86146340181789,108,5,180,4.440892098500626e-16,7.862149853710294e-10,7.455167694846127e-14,0.0014330709607577319,0.0,108,108,0.08275552673696396,0.0548502779084572,0.07746102176229996,1.8087389911872012,1.125889870223773e-08,0.9521847467924518,0.04781525810179079,0.9521847426238417,0.04781525248191737,0.9521847425299916,0.04781525074980912,0.9521847538827404,0.047815252837463476,2.5899948852270427e-11,7.771561172376096e-16,0.5000000000064747,0.49999999999352474,0.5000000000064748,0.4999999999935251,0.5000000000064742,0.4999999999935255,0.500000000006475,0.49999999999352474,False,False
5.0,4.0,4.47213595499958,4,2,2,4.0,-1.0,paper_uncentered,selected_HF_translation_orbit_plus_uniform_CS;full_site_CI_per_frame,1e-10,-24.871505860978665,-24.88978591703657,-24.889786507078625,-5.90042056103357e-07,-24.925942921721166,14,1822500,6.018916350475667e-09,6.230127524986528e-10,-8.925942921721164,-16.0,True,1e-06,-24.872235277957895,-24.87299186164101,cdw,-24.87328358502858,108,5,180,1.7763568394002505e-15,3.352738929411884e-10,1.4104074186516237e-13,0.00029980269610163646,0.0,108,108,0.054437060742500876,0.03615700468459693,0.05265933669258516,1.8749536002102347,2.58751644555133e-08,0.9687384114427192,0.03126160853576895,0.9687383851398059,0.03126159488170577,0.9687383877049291,0.03126159040164456,0.9687384110149704,0.03126161087845534,3.9864223033703183e-11,3.3306690738754696e-16,0.4999999999900349,0.5000000000099667,0.4999999999900349,0.500000000009967,0.4999999999900351,0.5000000000099669,0.4999999999900347,0.5000000000099667,False,False
