alpha,g,omega,L,neleca,nelecb,U,t,Nmax,D,energy_centered,paper_energy_shift,energy,residual,solver,solver_converged,delta_E,cutoff_converged,cutoff_tolerance,residual_tolerance,required_consecutive,convention,seconds,matvecs
2.4,1.0954451150103321,0.5,4,2,2,4.0,-1.0,8,236196,-2.974024296165839,-9.6,-12.574024296165838,6.424622644835069e-13,eigsh_after_davidson,True,,False,1e-06,1e-08,2,centered_solve_paper_energy,11.31734529499954,643
2.4,1.0954451150103321,0.5,4,2,2,4.0,-1.0,12,1028196,-3.0554861840617953,-9.6,-12.655486184061795,8.58326980335317e-09,davidson,True,0.08146188789595632,False,1e-06,1e-08,2,centered_solve_paper_energy,8.777040806002333,111
2.4,1.0954451150103321,0.5,4,2,2,4.0,-1.0,16,3006756,-3.058021246864658,-9.6,-12.658021246864658,9.99540998204845e-09,davidson,True,0.002535062802862864,False,1e-06,1e-08,2,centered_solve_paper_energy,29.990911656001117,93
2.4,1.0954451150103321,0.5,4,2,2,4.0,-1.0,20,7001316,-3.058042342539282,-9.6,-12.658042342539282,8.948795364436948e-09,davidson,True,2.109567462404982e-05,False,1e-06,1e-08,2,centered_solve_paper_energy,121.35733898500621,144
2.4,1.0954451150103321,0.5,4,2,2,4.0,-1.0,24,14062500,-3.0580424095902754,-9.6,-12.658042409590275,8.250123896169326e-09,davidson,True,6.705099320214458e-08,False,1e-06,1e-08,2,centered_solve_paper_energy,367.41454660000454,92
2.4,1.0954451150103321,0.5,4,2,2,4.0,-1.0,26,19131876,-3.05804240968778,-9.6,-12.65804240968778,9.984923770793209e-09,davidson,True,9.75046710038896e-11,True,1e-06,1e-08,2,centered_solve_paper_energy,227.78998326099827,40
2.8,1.1832159566199232,0.5,4,2,2,4.0,-1.0,8,236196,-4.088591951656003,-11.2,-15.288591951656002,9.39073024005422e-09,davidson,True,,False,1e-06,1e-08,2,centered_solve_paper_energy,2.2198442239896394,123
2.8,1.1832159566199232,0.5,4,2,2,4.0,-1.0,12,1028196,-4.316318617715779,-11.2,-15.516318617715779,9.740873983328673e-09,davidson,True,0.22772666605977587,False,1e-06,1e-08,2,centered_solve_paper_energy,9.17512168000394,116
2.8,1.1832159566199232,0.5,4,2,2,4.0,-1.0,16,3006756,-4.331845170781721,-11.2,-15.53184517078172,9.307610203107467e-09,davidson,True,0.015526553065941862,False,1e-06,1e-08,2,centered_solve_paper_energy,35.8974613360042,111
2.8,1.1832159566199232,0.5,4,2,2,4.0,-1.0,20,7001316,-4.332138759711403,-11.2,-15.532138759711401,8.288926485176978e-09,davidson,True,0.00029358892968200934,False,1e-06,1e-08,2,centered_solve_paper_energy,226.4098883609986,158
2.8,1.1832159566199232,0.5,4,2,2,4.0,-1.0,24,14062500,-4.332140752972743,-11.2,-15.532140752972742,9.606749783059107e-09,davidson,True,1.993261339983121e-06,False,1e-06,1e-08,2,centered_solve_paper_energy,495.61166174701066,134
2.8,1.1832159566199232,0.5,4,2,2,4.0,-1.0,26,19131876,-4.332140758887891,-11.2,-15.532140758887891,9.158843259272853e-09,davidson,True,5.9151483711161745e-09,False,1e-06,1e-08,2,centered_solve_paper_energy,383.1133481809957,72
2.8,1.1832159566199232,0.5,4,2,2,4.0,-1.0,28,25462116,-4.332140759146178,-11.2,-15.532140759146177,7.694532759677288e-09,davidson,True,2.582867253408949e-10,True,1e-06,1e-08,2,centered_solve_paper_energy,380.35537980699155,48
3.2,1.2649110640673518,0.5,4,2,2,4.0,-1.0,8,236196,-5.240999491928536,-12.8,-18.040999491928538,8.747802721467688e-09,davidson,True,,False,1e-06,1e-08,2,centered_solve_paper_energy,1.7932249040022725,125
3.2,1.2649110640673518,0.5,4,2,2,4.0,-1.0,12,1028196,-5.672195008333664,-12.8,-18.472195008333664,8.372099350935672e-09,davidson,True,0.4311955164051282,False,1e-06,1e-08,2,centered_solve_paper_energy,9.247957250001491,121
3.2,1.2649110640673518,0.5,4,2,2,4.0,-1.0,16,3006756,-5.722914156800883,-12.8,-18.522914156800883,8.996762954078435e-09,davidson,True,0.05071914846721892,False,1e-06,1e-08,2,centered_solve_paper_energy,37.64755365900055,125
3.2,1.2649110640673518,0.5,4,2,2,4.0,-1.0,20,7001316,-5.724801311152408,-12.8,-18.52480131115241,9.798273010902812e-09,davidson,True,0.0018871543515253109,False,1e-06,1e-08,2,centered_solve_paper_energy,160.34775416100456,190
3.2,1.2649110640673518,0.5,4,2,2,4.0,-1.0,24,14062500,-5.724825718837442,-12.8,-18.52482571883744,9.779335637594377e-09,davidson,True,2.4407685033978055e-05,False,1e-06,1e-08,2,centered_solve_paper_energy,635.5906968890049,172
