alpha,g,omega,L,t,coupling_convention,source_alpha,source_lf_energy,source_density_imbalance,nrandom,random_scale,seed,gtol,max_cycle,frame_recipe,overlap_cut,n_frames_base,n_frames_augmented,rank_base,rank_augmented,energy_base,energy_augmented,energy_gain,n0,n1,n2,n3,density_imbalance,norm_error,min_retained_overlap,energy_cut_loose,rank_cut_loose,energy_cut_tight,rank_cut_tight
0,0,0.5,4,-1,paper_uncentered,2.4,-2.933870018704931,0.6939459812786113,8,0.5,0,1e-08,500,target_best_plus_cs_orbits_plus_source_best_orbit,1e-10,8,12,4,20,-2,-2.000000000000002,1.332267629550188e-15,0.25,0.2499999999999999,0.25,0.2499999999999999,1.110223024625157e-16,2.220446049250313e-16,0.6051460426038838,-2.000000000000002,20,-2.000000000000002,20
0.2,0.3162277660168379,0.5,4,-1,paper_uncentered,2.4,-2.933870018704931,0.6939459812786113,8,0.5,0,1e-08,500,target_best_plus_cs_orbits_plus_source_best_orbit,1e-10,8,12,4,20,-2.075666690531948,-2.07571474294345,4.805241150185324e-05,0.2499999999999994,0.2500000000000005,0.250000000000001,0.2500000000000007,1.582067810090848e-15,1.554312234475219e-15,0.6034731453269411,-2.07571474294345,20,-2.07571474294345,20
0.4,0.4472135954999579,0.5,4,-1,paper_uncentered,2.4,-2.933870018704931,0.6939459812786113,8,0.5,0,1e-08,500,target_best_plus_cs_orbits_plus_source_best_orbit,1e-10,8,12,4,20,-2.151562037236446,-2.151876823702907,0.0003147864664616584,0.2500000000000004,0.2500000000000006,0.2500000000000006,0.2499999999999999,7.216449660063518e-16,1.332267629550188e-15,0.5999359295869937,-2.151876823702907,20,-2.151876823702907,20
0.6000000000000001,0.5477225575051662,0.5,4,-1,paper_uncentered,2.4,-2.933870018704931,0.6939459812786113,8,0.5,0,1e-08,500,target_best_plus_cs_orbits_plus_source_best_orbit,1e-10,8,12,4,20,-2.227696244863536,-2.228734066338887,0.001037821475351475,0.2499999999999996,0.2500000000000002,0.2500000000000004,0.2499999999999991,1.332267629550188e-15,6.661338147750939e-16,0.5737785298261168,-2.228734066338887,20,-2.228734066338887,20
0.8,0.6324555320336759,0.5,4,-1,paper_uncentered,2.4,-2.933870018704931,0.6939459812786113,8,0.5,0,1e-08,500,target_best_plus_cs_orbits_plus_source_best_orbit,1e-10,8,12,4,20,-2.30408044393887,-2.306627256186466,0.002546812247596453,0.2499999999999998,0.2499999999999984,0.249999999999999,0.2500000000000014,2.997602166487923e-15,1.332267629550188e-15,0.5054001003560277,-2.306627256186466,20,-2.306627256186466,20
1,0.7071067811865476,0.5,4,-1,paper_uncentered,2.4,-2.933870018704931,0.6939459812786113,8,0.5,0,1e-08,500,target_best_plus_cs_orbits_plus_source_best_orbit,1e-10,8,12,4,20,-2.380726824272466,-2.386005218507805,0.005278394235339157,0.2499999999999996,0.2500000000000007,0.2500000000000002,0.2499999999999985,2.164934898019055e-15,1.110223024625157e-15,0.4428517052811357,-2.386005218507805,20,-2.386005218507805,20
1.2,0.7745966692414834,0.5,4,-1,paper_uncentered,2.4,-2.933870018704931,0.6939459812786113,8,0.5,0,1e-08,500,target_best_plus_cs_orbits_plus_source_best_orbit,1e-10,8,12,4,20,-2.457648795829295,-2.467435473162927,0.009786677333632365,0.2499999999999997,0.25,0.2500000000000001,0.2500000000000004,6.661338147750939e-16,2.220446049250313e-16,0.3924505221805287,-2.467435473162927,20,-2.467435473162927,20
1.4,0.8366600265340756,0.5,4,-1,paper_uncentered,2.4,-2.933870018704931,0.6939459812786113,8,0.5,0,1e-08,500,target_best_plus_cs_orbits_plus_source_best_orbit,1e-10,8,12,4,20,-2.534861184448112,-2.551606423751773,0.01674523930366068,0.2499999999999994,0.2499999999999993,0.2500000000000001,0.2499999999999996,8.326672684688674e-16,1.665334536937735e-15,0.3532609446664689,-2.551606423751773,20,-2.551606423751773,20
1.6,0.8944271909999159,0.5,4,-1,paper_uncentered,2.4,-2.933870018704931,0.6939459812786113,8,0.5,0,1e-08,500,target_best_plus_cs_orbits_plus_source_best_orbit,1e-10,8,12,4,20,-2.612380472525534,-2.639306631969201,0.02692615944366672,0.2499999999999992,0.2500000000000024,0.2500000000000005,0.2499999999999985,3.913536161803677e-15,6.661338147750939e-16,0.3238630061723538,-2.639306631969201,20,-2.639306631969201,20
1.8,0.9486832980505138,0.5,4,-1,paper_uncentered,2.4,-2.933870018704931,0.6939459812786113,8,0.5,0,1e-08,500,target_best_plus_cs_orbits_plus_source_best_orbit,1e-10,8,12,4,20,-2.690225098570635,-2.731351833370367,0.0411267347997315,0.250000000000003,0.2499999999999986,0.2499999999999999,0.2499999999999993,4.385380947269368e-15,8.881784197001252e-16,0.3029330912325189,-2.731351833370367,20,-2.731351833370367,20
2,1,0.5,4,-1,paper_uncentered,2.4,-2.933870018704931,0.6939459812786113,8,0.5,0,1e-08,500,target_best_plus_cs_orbits_plus_source_best_orbit,1e-10,8,12,4,20,-2.768415835107768,-2.828422653383994,0.06000681827622634,0.249999999999998,0.2500000000000017,0.2500000000000002,0.2500000000000019,3.858025010572419e-15,1.77635683940025e-15,0.2893014896739571,-2.828422653383994,20,-2.828422653383994,20
2.2,1.048808848170152,0.5,4,-1,paper_uncentered,2.4,-2.933870018704931,0.6939459812786113,8,0.5,0,1e-08,500,target_best_plus_cs_orbits_plus_source_best_orbit,1e-10,8,12,4,20,-2.846976272802589,-2.930809431151391,0.08383315834880189,0.2499999999999966,0.2500000000000037,0.2500000000000029,0.2499999999999973,7.049916206369744e-15,4.440892098500626e-16,0.2819321616263971,-2.930809431151391,20,-2.930809431151391,20
