omega,alpha,start,hf_energy,success,optimizer_success,residual_ok,orbital_grad_norm,lam_grad_max,total_density,spin_density,orbital_gap_alpha,orbital_gap_beta,nit,message
0.5,0.0,afm,-1.7632978285545784,True,True,True,4.1998798049569196e-07,0.0,0.999999996774 1.00000003869 0.999999970113 0.999999994422,0.908073181408 0.091926835665 0.908073173322 0.0919268096054 0.0919268153663 0.908073203026 0.0919267967909 0.908073184817,3.2645855513712547,3.26458541891827,7,Optimization terminated successfully.
0.5,0.0,cdw,0.6727238451786199,True,True,True,9.50351352261899e-08,0.0,1.33933213575 0.660667890851 1.33933210941 0.660667863994,0.669666067688 0.3303339454 0.669666054717 0.330333932195 0.66966606806 0.330333945451 0.669666054689 0.330333931799,-1.3573284909997718,-1.357328489619577,5,Optimization terminated successfully.
0.5,0.4,afm,-3.3903528570521013,True,True,True,7.505916976330864e-08,3.24304160193023e-08,1.00000000066 0.999999992625 1.00000000537 1.00000000135,0.904161183945 0.0958388128668 0.904161185154 0.0958388180339 0.0958388167108 0.904161179758 0.0958388202144 0.904161183316,2.947843420477506,2.947843461601108,14,Optimization terminated successfully.
0.5,0.4,cdw,-1.279597641958698,True,True,True,1.0668403333983556e-06,7.17657370419289e-07,1.37025296822 0.629746966146 1.37025315836 0.629746907277,0.685126480345 0.314873474184 0.685126578126 0.314873467345 0.685126487875 0.314873491963 0.685126580231 0.314873439932,-1.0630856979660774,-1.0630856628182743,12,Optimization terminated successfully.
0.5,0.4,previous,-3.39035285705208,True,True,True,2.2532982659106925e-07,1.911390459241602e-07,1.00000001053 1.00000001415 0.999999985412 0.999999989908,0.904161181465 0.0958388269186 0.904161180567 0.0958388110499 0.0958388290678 0.904161187228 0.0958388048455 0.904161178858,2.94784346808979,2.9478433126511083,16,Optimization terminated successfully.
0.5,0.8,afm,-5.019275739273905,True,True,True,8.612617670376186e-07,2.333897768380666e-07,0.999999941522 0.999999987452 1.00000002576 1.00000004526,0.899810230115 0.100189783247 0.899810212033 0.100189774605 0.100189711407 0.899810204205 0.100189813731 0.899810270657,2.625831608162833,2.6258314315738027,14,Optimization terminated successfully.
0.5,0.8,cdw,-3.2664597006253846,True,True,True,5.152130716709589e-07,1.5669789377170673e-07,1.4165535206 0.583446579237 1.41655341456 0.583446485604,0.708276808374 0.291723252037 0.708276721293 0.291723218296 0.708276712228 0.2917233272 0.708276693265 0.291723267307,-0.7097988781308909,-0.7097992914040454,16,Optimization terminated successfully.
0.5,0.8,previous,-5.0192757392740335,True,True,True,3.7245313509937514e-07,6.954951636828355e-08,0.999999982451 0.999999973508 1.0000000134 1.00000003064,0.899810202457 0.100189775832 0.899810212926 0.100189808784 0.100189779993 0.899810197676 0.100189800471 0.89981022186,2.6258312373989092,2.625831218795117,9,Optimization terminated successfully.
0.5,1.2000000000000002,afm,-6.65034432086461,True,True,True,9.598611324348434e-07,2.947296076083461e-07,0.999999942721 1.00000001003 1.00000005364 0.99999999361,0.894927788355 0.105072217762 0.894927810036 0.105072183847 0.105072154366 0.894927792269 0.105072243602 0.894927809763,2.297851046645844,2.2978501838084187,19,Optimization terminated successfully.
0.5,1.2000000000000002,cdw,-5.31574607615492,True,True,True,2.5614798620735613e-07,1.1749436912289468e-07,1.49168110102 0.508318887462 1.49168109614 0.508318915385,0.745840521515 0.2541594726 0.745840519369 0.254159486516 0.745840579501 0.254159414863 0.745840576768 0.254159428868,-0.21996252819774514,-0.21996217274769708,21,Optimization terminated successfully.
0.5,1.2000000000000002,previous,-6.650344320864681,True,True,True,9.337890438276514e-07,2.738306497107601e-07,1.00000006552 0.999999909653 1.00000002899 0.999999995842,0.894927851691 0.105072135531 0.894927847587 0.105072165192 0.105072213828 0.894927774122 0.1050721814 0.89492783065,2.297850622981199,2.297851029499041,15,Optimization terminated successfully.
0.5,1.6,afm,-8.283909048776655,True,True,True,1.3406334248248166e-07,1.66621338282269e-07,1.00000002525 1.0000000193 0.999999957009 0.999999998439,0.889389195131 0.110610824893 0.889389163437 0.11061081654 0.110610830122 0.889389194406 0.110610793572 0.889389181899,1.9630264640335957,1.963026638533289,22,Optimization terminated successfully.
0.5,1.6,cdw,-7.494466733780168,True,True,True,9.591460214537134e-07,2.7708392913439184e-07,1.61564464927 0.384355262889 1.61564481338 0.384355274461,0.807822226905 0.192177729724 0.807822308832 0.192177734538 0.80782242237 0.192177533165 0.807822504543 0.192177539923,0.6227272661779955,0.6227284314022222,15,Optimization terminated successfully.
0.5,1.6,previous,-8.283909048776685,True,True,True,1.8412430329742689e-07,3.150346250535563e-08,0.999999990966 1.00000000354 0.99999998828 1.00000001721,0.889389172613 0.110610824372 0.889389175921 0.110610827094 0.110610818353 0.889389179171 0.11061081236 0.889389190116,1.9630264847178376,1.9630265083776162,11,Optimization terminated successfully.
0.5,2.0,afm,-9.920423582660383,True,True,True,6.819349019259136e-07,4.010837131307454e-07,0.999999981156 0.99999999181 0.999999981782 1.00000004525,0.883019130347 0.116980817611 0.883019173601 0.116980878441 0.116980850809 0.883019174199 0.116980808181 0.883019166811,1.6202258352536454,1.6202261546624777,28,Optimization terminated successfully.
0.5,2.0,cdw,-9.920423582660462,True,True,True,5.366244659231392e-07,4.1180317456035453e-07,1.76603827499 0.233961687994 1.76603842152 0.233961615491,0.88301914187 0.116980834983 0.883019232685 0.116980790462 0.883019133122 0.116980853011 0.883019188839 0.116980825029,2.095183060844229,2.0951829005421247,30,Optimization terminated successfully.
0.5,2.0,previous,-9.92042358266058,True,True,True,4.255810331390424e-07,8.448208088651654e-08,1.00000000253 1.0000000009 1.00000000325 0.999999993324,0.883019203593 0.116980803918 0.883019159731 0.116980832758 0.116980798936 0.883019196982 0.116980843516 0.883019160566,1.6202262253344104,1.6202261752353337,12,Optimization terminated successfully.
0.5,2.4000000000000004,afm,-11.97729103976856,True,True,True,8.56488407585078e-07,2.0827190427841202e-07,1.9130203937 0.0869795983959 0.0869796985243 1.91302030938,0.956510196838 0.0434897985533 0.0434898452982 0.95651015931 0.95651019686 0.0434897998426 0.0434898532261 0.956510150071,3.571958069006642,3.571957991846748,128,Optimization terminated successfully.
0.5,2.4000000000000004,cdw,-12.627943278067718,True,True,True,1.1690439424473398e-06,3.3271031618653524e-07,1.86645016459 0.133549838238 1.86645015873 0.13354983844,0.933225064429 0.0667748892143 0.933225095017 0.0667749513396 0.933225100158 0.0667749490237 0.933225063717 0.0667748871005,3.916365210091969,3.916365224064234,26,Optimization terminated successfully.
0.5,2.4000000000000004,previous,-11.560495439927905,True,True,True,2.750055319968521e-07,3.4826666217568913e-08,0.999999996619 1.00000000287 0.999999999494 1.00000000101,0.875559297445 0.124440701791 0.875559302428 0.124440698336 0.124440699174 0.875559301083 0.124440697066 0.875559302677,1.2679201309596775,1.267920106084126,12,Optimization terminated successfully.
0.5,2.8000000000000003,afm,-14.988230010286827,True,True,True,1.3903898121486021e-06,5.346971024278169e-07,0.0471070797419 1.95289291795 1.95289292085 0.0471070814595,0.0235535382996 0.976446460243 0.976446459576 0.023553541881 0.0235535414423 0.976446457708 0.976446461271 0.0235535395786,5.321319717639877,5.321319587920193,175,Optimization terminated successfully.
0.5,2.8000000000000003,cdw,-15.522233916388121,True,True,True,4.1202014172224127e-07,3.700277098062088e-07,1.9177730552 0.0822269440474 1.9177730554 0.0822269453561,0.958886524208 0.0411134767944 0.958886523361 0.0411134756362 0.958886530988 0.041113467253 0.95888653204 0.0411134697199,5.736655398986875,5.736655448905968,26,Optimization terminated successfully.
0.5,2.8000000000000003,previous,-15.522233916388057,True,True,True,1.2347615294473892e-06,2.027034001206296e-07,1.91777307115 0.082226969374 1.91777301791 0.0822269415701,0.958886547827 0.0411134995534 0.95888650184 0.041113450779 0.958886523321 0.0411134698206 0.958886516067 0.0411134907911,5.736655386367576,5.736655353172037,15,Optimization terminated successfully.
0.5,3.2,afm,-17.600000000000172,True,True,True,1.0548855431866577e-07,6.028056942301256e-10,3.13550749236e-17 2 2 3.25456144058e-16,5.62601016928e-21 1 1 2.51832656932e-16 3.13494489134e-17 1 1 7.36234871264e-17,911.7408713763306,911.7408713763307,106,Optimization terminated successfully.
0.5,3.2,cdw,-18.520784666214198,True,True,True,9.12347972223649e-08,3.88584898147748e-08,1.94501848044 0.0549815206635 1.94501848089 0.0549815180051,0.972509240762 0.0274907609461 0.972509239505 0.027490758787 0.972509239677 0.0274907597175 0.972509241387 0.0274907592181,7.50056253247331,7.500562535088651,26,Optimization terminated successfully.
0.5,3.2,previous,-18.5207846662142,True,True,True,2.2417855357023947e-07,5.686046122832522e-08,1.94501847409 0.0549815243104 1.94501848378 0.054981517817,0.972509237302 0.0274907616445 0.972509241558 0.0274907594957 0.972509236791 0.0274907626658 0.972509242222 0.0274907583212,7.500562538891052,7.500562539393486,18,Optimization terminated successfully.
0.5,3.6,afm,-20.998938980699734,True,True,True,3.4297847820844533e-07,1.0784794315497179e-07,4.03488271893e-09 1.9999999995 1.97930243143 0.0206975650296,2.01712496425e-09 0.99999999975 0.989651217055 0.0103487811778 2.01775775468e-09 0.999999999751 0.989651214379 0.0103487838518,6.437657554991663,6.437657547654581,84,Optimization terminated successfully.
0.5,3.6,cdw,-21.579504983575298,True,True,True,8.108816170397422e-07,2.275072592539118e-07,1.96082431152 0.0391757060032 1.96082428625 0.0391756962302,0.980412149939 0.0195878546467 0.980412148568 0.0195878468463 0.980412161576 0.0195878513565 0.980412137683 0.0195878493838,9.220549790261618,9.220549792756053,26,Optimization terminated successfully.
0.5,3.6,previous,-21.579504983575383,True,True,True,5.276988590858225e-07,1.5281365683961212e-07,1.96082430072 0.0391757006667 1.96082429907 0.0391756995442,0.980412154044 0.0195878462669 0.980412152732 0.0195878469569 0.980412146673 0.0195878543997 0.980412146339 0.0195878525873,9.220550425201502,9.220550379587364,17,Optimization terminated successfully.
0.5,4.0,afm,-23.99999999999998,True,True,True,8.463737356777491e-07,6.885892812084205e-08,2 2 1.53169013212e-15 2.60352181746e-15,1 1 1.68983427649e-16 6.84273313965e-16 1 1 1.36270670447e-15 1.9192485035e-15,16.471668147592126,16.471668147592123,62,Optimization terminated successfully.
0.5,4.0,cdw,-24.00000022507036,True,True,True,8.396581881420226e-10,6.365946650716608e-07,1.99999997187 2.81337576791e-08 1.99999997187 2.8133757679e-08,0.999999985933 1.40668788396e-08 0.999999985933 1.40668788395e-08 0.999999985933 1.40668788396e-08 0.999999985933 1.40668788395e-08,3.9999998874649716,3.9999998874649716,1,Optimization terminated successfully.
0.5,4.0,previous,-24.675358287327448,True,True,True,2.0676040659756888e-07,3.1140322320766245e-08,1.97072581277 0.0292741840839 1.97072581315 0.0292741899882,0.985362906111 0.0146370918687 0.985362906918 0.0146370951023 0.985362906663 0.0146370922152 0.985362906236 0.0146370948859,10.91061224545285,10.910612245018596,18,Optimization terminated successfully.
5.0,0.0,afm,-1.7632978285545784,True,True,True,4.1998798049569196e-07,0.0,0.999999996774 1.00000003869 0.999999970113 0.999999994422,0.908073181408 0.091926835665 0.908073173322 0.0919268096054 0.0919268153663 0.908073203026 0.0919267967909 0.908073184817,3.2645855513712547,3.26458541891827,7,Optimization terminated successfully.
5.0,0.0,cdw,0.6727238451786199,True,True,True,9.50351352261899e-08,0.0,1.33933213575 0.660667890851 1.33933210941 0.660667863994,0.669666067688 0.3303339454 0.669666054717 0.330333932195 0.66966606806 0.330333945451 0.669666054689 0.330333931799,-1.3573284909997718,-1.357328489619577,5,Optimization terminated successfully.
5.0,0.4,afm,-3.518754853703443,True,True,True,6.066412095667376e-07,8.186671096588327e-07,0.999999984081 0.999999967099 1.00000007394 0.999999974878,0.889041494461 0.110958465887 0.889041571096 0.110958468556 0.11095848962 0.889041501212 0.110958502846 0.889041506323,2.5765002684854768,2.5765002313126386,17,Optimization terminated successfully.
5.0,0.4,cdw,-1.7228310881523812,False,False,False,0.5368963772529558,1.4927744741307523,1.24717925419 0.80680317057 1.14437208382 0.80164549142,0.631189952405 0.39863708226 0.566676014675 0.40349695066 0.615989301781 0.40816608831 0.577696069149 0.39814854076,-0.48247124177069733,-0.5050719887856345,18,Desired error not necessarily achieved due to precision loss.
5.0,0.4,previous,-3.5187548537036317,True,True,True,2.6458027925581926e-07,1.7776780936173964e-07,0.999999997735 1.00000000371 0.999999996606 1.00000000195,0.889041518844 0.110958480649 0.889041542683 0.110958457824 0.110958478891 0.889041523057 0.110958453923 0.889041544129,2.576500493041451,2.5765004770917,17,Optimization terminated successfully.
5.0,0.8,afm,-5.314595546499472,True,True,True,5.974218291455425e-07,5.28150414069728e-07,0.999999995347 1.00000001154 0.999999987137 1.00000000597,0.86396567624 0.136034307104 0.863965626045 0.136034390611 0.136034319107 0.863965704438 0.136034361093 0.863965615362,1.8850798191772296,1.8850797448987824,21,Optimization terminated successfully.
5.0,0.8,cdw,-3.939506920387122,True,True,True,1.7272159406197238e-07,7.922158946627178e-07,1.38111664554 0.618883355271 1.38111663635 0.618883362837,0.690558321538 0.309441678487 0.690558316944 0.30944168303 0.690558323998 0.309441676784 0.690558319411 0.309441679807,-0.838297462087794,-0.8382974498614587,14,Optimization terminated successfully.
5.0,0.8,previous,-5.31459554649952,True,True,True,7.040089224823997e-07,7.107326878141862e-07,0.99999996647 1.00000001332 0.999999969473 1.00000005074,0.863965576281 0.136034410216 0.863965614034 0.136034399469 0.136034390189 0.863965603104 0.136034355439 0.863965651267,1.885079394479613,1.8850795004050833,14,Optimization terminated successfully.
5.0,1.2000000000000002,afm,-7.16238530227403,True,True,True,5.838564230023968e-08,5.916115330961702e-08,1.00000000522 0.999999992891 1.00000000557 0.999999996315,0.832545280026 0.167454725646 0.832545277498 0.16745471683 0.167454725195 0.832545267244 0.167454728077 0.832545279484,1.2241863878468227,1.224186392108641,24,Optimization terminated successfully.
5.0,1.2000000000000002,cdw,-6.273260545217268,True,True,True,1.3137393855008242e-07,1.8945576396589558e-07,1.41282900376 0.587170989232 1.41282903868 0.587170968323,0.706414510987 0.293585485575 0.706414528366 0.293585475073 0.706414492777 0.293585503658 0.706414510315 0.293585493251,-0.547243949717829,-0.5472440123711289,19,Optimization terminated successfully.
5.0,1.2000000000000002,previous,-7.162385302273957,True,True,True,3.72948576943263e-07,8.652582046408952e-07,1.00000003794 0.999999960515 1.00000002509 0.999999976457,0.832545291717 0.167454708314 0.832545280827 0.167454719143 0.167454746218 0.832545252201 0.167454744267 0.832545257314,1.22418625541608,1.2241864718345337,20,Optimization terminated successfully.
5.0,1.6,afm,-9.07132664881787,True,True,True,8.240167243727482e-07,5.897516803798908e-07,0.999999888015 0.99999994657 0.999999947281 1.00000021813,0.796901003743 0.203098916696 0.79690103382 0.20309904574 0.203098884272 0.796901029874 0.203098913461 0.796901172393,0.6400965944005266,0.6400965443398865,24,Optimization terminated successfully.
5.0,1.6,cdw,-8.635910120400748,True,True,True,1.6917137830192142e-07,4.6418615795573714e-07,1.45722127569 0.542778722001 1.45722127705 0.542778725264,0.728610629241 0.271389369536 0.728610629794 0.271389371429 0.728610646447 0.271389352465 0.728610647253 0.271389353836,-0.2118024167637429,-0.21180238261901896,14,Optimization terminated successfully.
5.0,1.6,previous,-9.071326648818003,True,True,True,6.490465536116554e-08,2.287995775063223e-07,0.999999988561 1.00000001463 0.99999999751 0.999999999297,0.796901049244 0.203098957568 0.796901045611 0.203098947577 0.203098939317 0.796901057064 0.203098951899 0.79690105172,0.6400965020844812,0.6400964983975879,10,Optimization terminated successfully.
5.0,2.0,afm,-11.043840443140242,True,True,True,2.7958664153467724e-07,8.954350905199249e-07,1.00000003057 0.999999966254 1.00000003739 0.999999965787,0.76107103581 0.238928968388 0.761071038905 0.238928956898 0.23892899476 0.761070997866 0.238928998485 0.761071008889,0.16618955473568864,0.16618919301920254,16,Optimization terminated successfully.
5.0,2.0,cdw,-11.043840443140336,True,True,True,1.5151451041464194e-07,1.8544835889144906e-07,1.52214206842 0.477858009794 1.52214195446 0.477857967322,0.761071037359 0.238929004908 0.761070975208 0.238928982526 0.761071031064 0.238929004887 0.761070979253 0.238928984796,0.20988468053418918,0.20988467993307025,17,Optimization terminated successfully.
5.0,2.0,previous,-11.04384044314033,True,True,True,9.313275412874795e-08,3.905511318791355e-07,1.00000001282 0.999999988086 1.00000001126 0.999999987842,0.76107100727 0.238929005464 0.761071003298 0.238928983969 0.238929005547 0.761070982622 0.238929007957 0.761071003873,0.1661894519157936,0.16618940430460172,11,Optimization terminated successfully.
5.0,2.4000000000000004,afm,-13.075248128380585,True,True,True,8.801463262282757e-08,4.51708649151783e-07,1.00000001748 0.999999918333 1.00000001725 1.00000004694,0.728342289342 0.271657681936 0.728342290202 0.27165773852 0.271657728142 0.728342236397 0.271657727043 0.728342308418,-0.19467071088431132,-0.19467077556798262,21,Optimization terminated successfully.
5.0,2.4000000000000004,cdw,-13.529051437082085,True,True,True,2.5977111504890787e-07,6.139280941397374e-07,1.61816003469 0.381840028386 1.61815994627 0.381839990646,0.809080030596 0.190920015574 0.809079979384 0.190919974447 0.809080004099 0.190920012812 0.809079966891 0.190920016199,0.8101362112262245,0.8101362263656187,17,Optimization terminated successfully.
5.0,2.4000000000000004,previous,-13.52905143708211,True,True,True,1.164065164773391e-07,6.762287951822543e-07,1.61815999126 0.381840013199 1.61815999283 0.381840002714,0.809079998501 0.190920004844 0.809079999217 0.190919997438 0.809079992758 0.190920008355 0.809079993612 0.190920005275,0.8101362349252557,0.8101362393314195,14,Optimization terminated successfully.
5.0,2.8000000000000003,afm,-15.157457786379533,True,True,True,1.354714794397328e-07,8.589892610544325e-07,0.999999987347 1.00000000877 0.999999997918 1.00000000597,0.699958066464 0.300041932211 0.699958069389 0.300041931936 0.300041920883 0.699958076554 0.300041928529 0.699958074035,-0.459780157176652,-0.4597799807631753,19,Optimization terminated successfully.
5.0,2.8000000000000003,cdw,-16.14512879177357,True,True,True,7.413591875889604e-07,9.598817087841383e-07,1.74038485313 0.259615200626 1.7403844862 0.259615460037,0.870192377531 0.129807614596 0.870192260262 0.129807747611 0.870192475602 0.12980758603 0.870192225941 0.129807712426,1.7453221374278276,1.7453220801573925,21,Optimization terminated successfully.
5.0,2.8000000000000003,previous,-16.14512879177362,True,True,True,6.684134621984419e-07,8.194566915586954e-07,1.74038455106 0.259615352494 1.74038462423 0.259615472219,0.870192240838 0.129807673924 0.870192342915 0.129807742323 0.87019231022 0.12980767857 0.870192281314 0.129807729896,1.7453217046567988,1.7453216976673076,20,Optimization terminated successfully.
5.0,3.2,afm,-17.282266962186153,True,True,True,1.2854330719062903e-06,9.278228594311599e-07,1.000000123 0.999998594862 0.999999724382 1.00000155775,0.675809629382 0.32418973035 0.675809432764 0.324191207504 0.324190493621 0.675808864511 0.324190291617 0.675810350251,-0.6503527548510544,-0.650352626989342,16,Optimization terminated successfully.
5.0,3.2,cdw,-18.930256929400354,True,True,True,4.3449023413673263e-07,4.148793879554802e-07,1.84352452037 0.156475481108 1.84352448624 0.15647551228,0.921762252665 0.0782377424534 0.921762255928 0.0782377489533 0.921762267703 0.0782377386547 0.921762230315 0.0782377633265,3.0612235652676776,3.0612235778766914,35,Optimization terminated successfully.
5.0,3.2,previous,-18.930256929400382,True,True,True,5.132960347027344e-07,1.6990774653891094e-07,1.84352451691 0.156475504997 1.8435244369 0.15647554119,0.921762257152 0.078237756587 0.921762233279 0.0782377529821 0.921762259762 0.0782377484104 0.92176220362 0.0782377882077,3.061223360819679,3.0612233930731167,24,Optimization terminated successfully.
5.0,3.6,afm,-21.360653876198526,True,True,True,5.913648781564982e-07,2.1986671772111777e-07,1.94128311172 0.0587168886113 0.0587168769965 1.94128312268,0.970641554186 0.0293584462645 0.0293584365766 0.970641562973 0.97064155753 0.0293584423468 0.0293584404199 0.970641559703,5.541590982917791,5.541590972366324,104,Optimization terminated successfully.
5.0,3.6,cdw,-21.856168896843094,True,True,True,7.423644307459398e-07,7.241370698629623e-07,1.90436948567 0.0956305144655 1.90436948468 0.0956305151842,0.952184751994 0.0478152405623 0.952184761182 0.047815246262 0.952184733675 0.0478152739031 0.9521847235 0.0478152689221,4.593594593587599,4.593594667565915,20,Optimization terminated successfully.
5.0,3.6,previous,-21.85616889684324,True,True,True,1.9334622786567502e-07,5.5359558048806434e-08,1.90436948932 0.0956305088516 1.90436949651 0.0956305053194,0.952184746792 0.0478152581018 0.952184742624 0.0478152524819 0.95218474253 0.0478152507498 0.952184753883 0.0478152528375,4.5935939445604,4.593593935317974,20,Optimization terminated successfully.
5.0,4.0,afm,-24.452025271264013,True,True,True,3.6180704505520046e-07,8.683720409408124e-08,0.0352737816023 0.0352737863775 1.96472621374 1.96472621828,0.0176368898532 0.0176368937335 0.982363106387 0.982363110026 0.0176368917491 0.017636892644 0.982363107355 0.982363108252,7.236596132798921,7.23659613112399,128,Optimization terminated successfully.
5.0,4.0,cdw,-24.871505860978672,True,True,True,8.282867074149043e-07,6.958137532819819e-08,1.93747679915 0.0625231989374 1.93747679615 0.0625232057602,0.968738411443 0.0312616085358 0.96873838514 0.0312615948817 0.968738387705 0.0312615904016 0.968738411015 0.0312616108785,6.20835231126104,6.2083523083419205,23,Optimization terminated successfully.
5.0,4.0,previous,-24.871505860978345,True,True,True,4.974224021827725e-07,6.991074786091844e-07,1.9374767937 0.0625232058903 1.93747679637 0.0625232040337,0.968738391589 0.0312616024559 0.968738401162 0.0312616047927 0.968738402112 0.0312616034345 0.968738395213 0.031261599241,6.208352161866307,6.208352155620545,17,Optimization terminated successfully.
