omega,alpha,g,variant,seed_alphas,transfer,L,neleca,nelecb,U,t,convention,overlap_cut,ed_energy,baseline_energy,baseline_minus_ed,mp2_minus_ed,energy_gain,minus_ed,spin_amplitude,charge_imbalance,density_near_degenerate,energy,rank,nframes,matrix_dimension,norm_error,residual_full,residual_projected,gap,cutoff_energy_spread,rank_loose,rank_tight,rho_0_0,rho_0_1,rho_0_2,rho_0_3,rho_1_0,rho_1_1,rho_1_2,rho_1_3
0.5,0.0,0.0,low,[0.0],raw_lambda_and_shift_no_rescaling,4,2,2,4.0,-1.0,paper_uncentered,1e-10,-2.102748483462074,-2.1027484834620735,4.440892098500626e-16,0.27247708761060263,-4.440892098500626e-16,8.881784197001252e-16,3.941291737419306e-15,2.220446049250313e-16,False,-2.102748483462073,36,9,324,2.1094237467877974e-15,2.2805515279938395e-14,7.601838426646132e-15,0.29632463163896094,0.0,36,36,0.5000000000000008,0.49999999999999684,0.5000000000000007,0.4999999999999972,0.499999999999997,0.5000000000000008,0.4999999999999971,0.5000000000000006
0.5,0.0,0.0,high,[4.0],raw_lambda_and_shift_no_rescaling,4,2,2,4.0,-1.0,paper_uncentered,1e-10,-2.102748483462074,-2.1027484834620735,4.440892098500626e-16,0.27247708761060263,4.884981308350689e-15,-4.440892098500626e-15,8.43769498715119e-15,6.661338147750939e-16,False,-2.1027484834620784,108,9,324,2.220446049250313e-15,3.2756822798096184e-14,2.088411497997478e-14,0.2963246316389172,0.0,108,108,0.49999999999999745,0.5000000000000049,0.4999999999999968,0.5000000000000051,0.5000000000000043,0.49999999999999734,0.5000000000000052,0.4999999999999974
0.5,0.0,0.0,both,"[0.0, 4.0]",raw_lambda_and_shift_no_rescaling,4,2,2,4.0,-1.0,paper_uncentered,1e-10,-2.102748483462074,-2.1027484834620735,4.440892098500626e-16,0.27247708761060263,6.661338147750939e-15,-6.217248937900877e-15,1.1102230246251565e-14,4.440892098500626e-16,False,-2.10274848346208,108,13,468,8.881784197001252e-16,3.926289018584839e-14,2.0305700554459137e-14,0.2963246316389745,0.0,108,108,0.5000000000000049,0.49999999999999645,0.5000000000000052,0.4999999999999949,0.499999999999996,0.5000000000000041,0.4999999999999955,0.500000000000006
0.5,0.0,0.0,low_nonzero,[0.4],raw_lambda_and_shift_no_rescaling,4,2,2,4.0,-1.0,paper_uncentered,1e-10,-2.102748483462074,-2.1027484834620735,4.440892098500626e-16,0.27247708761060263,-2.220446049250313e-15,2.6645352591003757e-15,2.55351295663786e-15,4.440892098500626e-16,False,-2.1027484834620713,72,9,324,6.661338147750939e-16,2.3503912121456812e-14,1.1144673233834498e-14,0.29632463163896405,0.0,72,72,0.5000000000000012,0.4999999999999992,0.5000000000000017,0.49999999999999933,0.49999999999999956,0.5000000000000012,0.4999999999999991,0.5000000000000013
0.5,0.0,0.0,both_nonzero,"[0.4, 4.0]",raw_lambda_and_shift_no_rescaling,4,2,2,4.0,-1.0,paper_uncentered,1e-10,-2.102748483462074,-2.1027484834620735,4.440892098500626e-16,0.27247708761060263,4.440892098500626e-15,-3.9968028886505635e-15,3.3306690738754696e-15,4.440892098500626e-16,False,-2.102748483462078,144,13,468,8.881784197001252e-16,4.8228714210562763e-14,2.8321108960120672e-14,0.29632463163905465,0.0,144,144,0.4999999999999988,0.5000000000000004,0.5000000000000003,0.5000000000000021,0.500000000000002,0.5000000000000001,0.5000000000000007,0.4999999999999988
0.5,0.4,0.4472135954999579,low,[0.0],raw_lambda_and_shift_no_rescaling,4,2,2,4.0,-1.0,paper_uncentered,1e-10,-3.722234679001327,-3.721918701727174,0.0003159772741527789,0.2600448569292726,4.440892098500626e-16,0.0003159772741523348,9.492406860545088e-15,3.3306690738754696e-16,False,-3.7219187017271746,102,9,324,1.7763568394002505e-15,2.0662167492386404e-10,5.544178458929499e-14,0.28787293338292264,0.0,102,102,0.4999999999999952,0.5000000000000024,0.49999999999999506,0.5000000000000039,0.5000000000000031,0.49999999999999584,0.500000000000003,0.4999999999999944
0.5,0.4,0.4472135954999579,high,[4.0],raw_lambda_and_shift_no_rescaling,4,2,2,4.0,-1.0,paper_uncentered,1e-10,-3.722234679001327,-3.721918701727174,0.0003159772741527789,0.2600448569292726,0.0,0.0003159772741527789,4.385380947269368e-15,2.220446049250313e-16,False,-3.721918701727174,138,9,324,1.2212453270876722e-15,2.0662164229620015e-10,9.566218213399863e-14,0.2878729333829253,0.0,138,138,0.5000000000000014,0.49999999999999717,0.5000000000000008,0.4999999999999981,0.4999999999999971,0.5000000000000016,0.499999999999998,0.5000000000000007
0.5,0.4,0.4472135954999579,both,"[0.0, 4.0]",raw_lambda_and_shift_no_rescaling,4,2,2,4.0,-1.0,paper_uncentered,1e-10,-3.722234679001327,-3.721918701727174,0.0003159772741527789,0.2600448569292726,4.884981308350689e-15,0.0003159772741478939,2.275957200481571e-15,8.881784197001252e-16,False,-3.721918701727179,174,13,468,6.661338147750939e-16,2.066216236258902e-10,6.571765576057558e-14,0.2878729333829133,0.0,174,174,0.4999999999999999,0.49999999999999917,0.5000000000000007,0.49999999999999895,0.4999999999999995,0.49999999999999967,0.4999999999999984,0.5000000000000008
0.5,0.4,0.4472135954999579,low_nonzero,[0.4],raw_lambda_and_shift_no_rescaling,4,2,2,4.0,-1.0,paper_uncentered,1e-10,-3.722234679001327,-3.721918701727174,0.0003159772741527789,0.2600448569292726,4.440892098500626e-16,0.0003159772741523348,3.552713678800501e-15,0.0,False,-3.7219187017271746,66,9,324,8.881784197001252e-16,2.9220712152432255e-10,2.5545883968286878e-14,0.28787293338290976,0.0,66,66,0.49999999999999867,0.5000000000000018,0.4999999999999999,0.5000000000000012,0.5000000000000022,0.499999999999999,0.5000000000000009,0.4999999999999996
0.5,0.4,0.4472135954999579,both_nonzero,"[0.4, 4.0]",raw_lambda_and_shift_no_rescaling,4,2,2,4.0,-1.0,paper_uncentered,1e-10,-3.722234679001327,-3.721918701727174,0.0003159772741527789,0.2600448569292726,4.440892098500626e-16,0.0003159772741523348,1.2378986724570495e-14,7.771561172376096e-16,False,-3.7219187017271746,138,13,468,0.0,2.9220695805729397e-10,1.0314555557929092e-13,0.28787293338291287,0.0,138,138,0.500000000000006,0.4999999999999937,0.5000000000000057,0.49999999999999467,0.49999999999999434,0.5000000000000061,0.49999999999999445,0.500000000000005
0.5,0.8,0.6324555320336759,low,[0.0],raw_lambda_and_shift_no_rescaling,4,2,2,4.0,-1.0,paper_uncentered,1e-10,-5.343456394868242,-5.342037921823665,0.0014184730445769844,0.24551129363851487,-2.6645352591003757e-15,0.001418473044579649,9.769962616701378e-15,2.220446049250313e-16,False,-5.342037921823662,102,9,324,1.3322676295501878e-15,2.8349142680198997e-10,5.4330272363548835e-14,0.2785501588240811,0.0,102,102,0.49999999999999734,0.5000000000000056,0.49999999999999645,0.5000000000000031,0.5000000000000039,0.4999999999999958,0.5000000000000048,0.499999999999998
0.5,0.8,0.6324555320336759,high,[4.0],raw_lambda_and_shift_no_rescaling,4,2,2,4.0,-1.0,paper_uncentered,1e-10,-5.343456394868242,-5.342037921823665,0.0014184730445769844,0.24551129363851487,-4.440892098500626e-15,0.0014184730445814253,2.275957200481571e-15,4.440892098500626e-16,False,-5.34203792182366,138,9,324,6.661338147750939e-16,2.8349131043184754e-10,2.1674436189395722e-14,0.2785501588240731,0.0,138,138,0.5000000000000004,0.5000000000000014,0.49999999999999944,0.5,0.5000000000000004,0.49999999999999917,0.5000000000000011,0.5000000000000007
0.5,0.8,0.6324555320336759,both,"[0.0, 4.0]",raw_lambda_and_shift_no_rescaling,4,2,2,4.0,-1.0,paper_uncentered,1e-10,-5.343456394868242,-5.342037921823665,0.0014184730445769844,0.24551129363851487,-9.769962616701378e-15,0.0014184730445867544,3.885780586188048e-15,6.661338147750939e-16,False,-5.342037921823655,174,13,468,2.220446049250313e-16,2.834913215935545e-10,3.144588626597376e-14,0.2785501588240846,0.0,174,174,0.49999999999999967,0.4999999999999999,0.5000000000000021,0.4999999999999988,0.5000000000000001,0.5000000000000006,0.4999999999999982,0.5000000000000018
0.5,0.8,0.6324555320336759,low_nonzero,[0.4],raw_lambda_and_shift_no_rescaling,4,2,2,4.0,-1.0,paper_uncentered,1e-10,-5.343456394868242,-5.342037921823665,0.0014184730445769844,0.24551129363851487,2.2320383763485552e-08,0.001418450724193221,9.71445146547012e-15,4.440892098500626e-16,False,-5.342037944144049,102,9,324,4.440892098500626e-16,3.705776768757541e-10,4.3538556225836524e-14,0.27855009433312183,0.0,102,102,0.5000000000000043,0.4999999999999959,0.5000000000000036,0.4999999999999947,0.4999999999999952,0.5000000000000033,0.49999999999999567,0.5000000000000044
0.5,0.8,0.6324555320336759,both_nonzero,"[0.4, 4.0]",raw_lambda_and_shift_no_rescaling,4,2,2,4.0,-1.0,paper_uncentered,1e-10,-5.343456394868242,-5.342037921823665,0.0014184730445769844,0.24551129363851487,2.2320376658058194e-08,0.0014184507242003264,6.661338147750939e-15,4.440892098500626e-16,False,-5.3420379441440415,174,13,468,1.7763568394002505e-15,3.705775228148413e-10,3.2170284084457307e-14,0.27855009433315203,0.0,174,174,0.5000000000000026,0.49999999999999745,0.4999999999999992,0.4999999999999973,0.4999999999999959,0.5000000000000007,0.49999999999999917,0.5000000000000008
0.5,1.2,0.7745966692414834,low,[0.0],raw_lambda_and_shift_no_rescaling,4,2,2,4.0,-1.0,paper_uncentered,1e-10,-6.9669593173568165,-6.963236047505919,0.003723269850897104,0.22837331265143757,4.440892098500626e-15,0.003723269850892663,2.7200464103316335e-15,6.661338147750939e-16,False,-6.963236047505924,102,9,324,4.440892098500626e-16,1.469764471481351e-09,2.7755455306782226e-14,0.268210026375872,0.0,102,102,0.4999999999999998,0.5000000000000007,0.4999999999999983,0.5000000000000001,0.49999999999999994,0.4999999999999987,0.500000000000001,0.49999999999999906
0.5,1.2,0.7745966692414834,high,[4.0],raw_lambda_and_shift_no_rescaling,4,2,2,4.0,-1.0,paper_uncentered,1e-10,-6.9669593173568165,-6.963236047505919,0.003723269850897104,0.22837331265143757,6.217248937900877e-15,0.003723269850890887,1.7763568394002505e-14,1.1102230246251565e-15,False,-6.963236047505926,138,9,324,2.220446049250313e-16,1.4697642054027202e-09,5.065477178755501e-14,0.26821002637585334,0.0,138,138,0.4999999999999921,0.5000000000000089,0.4999999999999921,0.5000000000000062,0.5000000000000081,0.4999999999999911,0.500000000000007,0.49999999999999345
0.5,1.2,0.7745966692414834,both,"[0.0, 4.0]",raw_lambda_and_shift_no_rescaling,4,2,2,4.0,-1.0,paper_uncentered,1e-10,-6.9669593173568165,-6.963236047505919,0.003723269850897104,0.22837331265143757,2.6645352591003757e-15,0.0037232698508944395,6.6058269965196814e-15,1.1102230246251565e-15,False,-6.963236047505922,174,13,468,1.3322676295501878e-15,1.4697642512204732e-09,6.657014111573595e-14,0.268210026375864,0.0,174,174,0.4999999999999961,0.5000000000000021,0.4999999999999959,0.5000000000000026,0.500000000000002,0.4999999999999969,0.500000000000002,0.49999999999999595
0.5,1.2,0.7745966692414834,low_nonzero,[0.4],raw_lambda_and_shift_no_rescaling,4,2,2,4.0,-1.0,paper_uncentered,1e-10,-6.9669593173568165,-6.963236047505919,0.003723269850897104,0.22837331265143757,1.867567700486461e-08,0.003723251175220099,2.4424906541753444e-15,4.440892098500626e-16,False,-6.963236066181596,102,9,324,1.5543122344752192e-15,1.481785389493936e-09,3.754318992962383e-14,0.2682099699640492,0.0,102,102,0.5000000000000021,0.49999999999999994,0.5000000000000018,0.4999999999999998,0.4999999999999997,0.5000000000000017,0.5,0.5000000000000022
0.5,1.2,0.7745966692414834,both_nonzero,"[0.4, 4.0]",raw_lambda_and_shift_no_rescaling,4,2,2,4.0,-1.0,paper_uncentered,1e-10,-6.9669593173568165,-6.963236047505919,0.003723269850897104,0.22837331265143757,1.8675684998470388e-08,0.0037232511752121056,4.884981308350689e-15,4.440892098500626e-16,False,-6.963236066181604,174,13,468,1.7763568394002505e-15,1.4817860223936402e-09,6.544593840189e-14,0.2682099699639968,0.0,174,174,0.5000000000000016,0.4999999999999998,0.49999999999999867,0.5000000000000031,0.5000000000000002,0.5000000000000017,0.5000000000000029,0.4999999999999982
0.5,1.6,0.8944271909999159,low,[0.0],raw_lambda_and_shift_no_rescaling,4,2,2,4.0,-1.0,paper_uncentered,1e-10,-8.593747158530604,-8.585678806123044,0.008068352407560653,0.20812059487551338,-7.105427357601002e-15,0.008068352407567758,7.771561172376096e-15,4.440892098500626e-16,False,-8.585678806123036,102,9,324,4.440892098500626e-16,1.67299709909371e-09,2.785322652917467e-14,0.2566625733859116,0.0,102,102,0.4999999999999962,0.5000000000000038,0.499999999999999,0.5000000000000018,0.500000000000004,0.49999999999999684,0.5000000000000016,0.4999999999999984
0.5,1.6,0.8944271909999159,high,[4.0],raw_lambda_and_shift_no_rescaling,4,2,2,4.0,-1.0,paper_uncentered,1e-10,-8.593747158530604,-8.585678806123044,0.008068352407560653,0.20812059487551338,5.329070518200751e-15,0.008068352407555324,2.298161660974074e-14,1.6653345369377348e-15,False,-8.585678806123049,138,9,324,6.661338147750939e-16,1.67299712365388e-09,5.775079236269541e-14,0.25666257338589205,0.0,138,138,0.49999999999999134,0.5000000000000073,0.49999999999999156,0.5000000000000113,0.5000000000000101,0.4999999999999939,0.5000000000000093,0.49999999999998834
0.5,1.6,0.8944271909999159,both,"[0.0, 4.0]",raw_lambda_and_shift_no_rescaling,4,2,2,4.0,-1.0,paper_uncentered,1e-10,-8.593747158530604,-8.585678806123044,0.008068352407560653,0.20812059487551338,-7.105427357601002e-15,0.008068352407567758,9.71445146547012e-15,6.661338147750939e-16,False,-8.585678806123036,174,13,468,1.1102230246251565e-15,1.672996924267802e-09,3.207067946796053e-14,0.2566625733859169,0.0,174,174,0.4999999999999976,0.5000000000000032,0.4999999999999965,0.5000000000000054,0.5000000000000036,0.4999999999999985,0.5000000000000049,0.4999999999999957
0.5,1.6,0.8944271909999159,low_nonzero,[0.4],raw_lambda_and_shift_no_rescaling,4,2,2,4.0,-1.0,paper_uncentered,1e-10,-8.593747158530604,-8.585678806123044,0.008068352407560653,0.20812059487551338,9.107449017164981e-09,0.008068343300111636,8.215650382226158e-15,2.220446049250313e-15,False,-8.585678815230493,102,9,324,3.3306690738754696e-16,1.676627418020229e-09,5.247820655193634e-14,0.2566625444034205,0.0,102,102,0.500000000000003,0.49999999999999567,0.5000000000000026,0.4999999999999976,0.4999999999999961,0.5000000000000039,0.49999999999999817,0.5000000000000009
0.5,1.6,0.8944271909999159,both_nonzero,"[0.4, 4.0]",raw_lambda_and_shift_no_rescaling,4,2,2,4.0,-1.0,paper_uncentered,1e-10,-8.593747158530604,-8.585678806123044,0.008068352407560653,0.20812059487551338,9.107449017164981e-09,0.008068343300111636,2.731148640577885e-14,1.5543122344752192e-15,False,-8.585678815230493,174,13,468,1.3322676295501878e-15,1.676627387799721e-09,8.134152872968634e-14,0.25666254440341874,0.0,174,174,0.4999999999999869,0.5000000000000134,0.499999999999989,0.5000000000000137,0.5000000000000142,0.49999999999998823,0.5000000000000134,0.4999999999999871
0.5,2.0,1.0,low,[0.0],raw_lambda_and_shift_no_rescaling,4,2,2,4.0,-1.0,paper_uncentered,1e-10,-10.226492861192469,-10.209584575173736,0.016908286018733065,0.18513680515660624,-8.881784197001252e-15,0.016908286018741947,5.4067861299245124e-14,2.55351295663786e-15,False,-10.209584575173727,102,9,324,1.5543122344752192e-15,1.541104284652266e-09,3.981802676654842e-14,0.2436526262350256,0.0,102,102,0.4999999999999729,0.5000000000000259,0.49999999999997324,0.5000000000000251,0.5000000000000259,0.4999999999999718,0.500000000000027,0.4999999999999726
0.5,2.0,1.0,high,[4.0],raw_lambda_and_shift_no_rescaling,4,2,2,4.0,-1.0,paper_uncentered,1e-10,-10.226492861192469,-10.209584575173736,0.016908286018733065,0.18513680515660624,5.329070518200751e-15,0.016908286018727736,1.3988810110276972e-14,2.220446049250313e-15,False,-10.209584575173741,138,9,324,0.0,1.54110430820658e-09,4.718765108522045e-14,0.24365262623501494,0.0,138,138,0.499999999999993,0.5000000000000057,0.49999999999999617,0.5000000000000053,0.500000000000007,0.4999999999999935,0.5000000000000038,0.4999999999999959
0.5,2.0,1.0,both,"[0.0, 4.0]",raw_lambda_and_shift_no_rescaling,4,2,2,4.0,-1.0,paper_uncentered,1e-10,-10.226492861192469,-10.209584575173736,0.016908286018733065,0.18513680515660624,0.0,0.016908286018733065,1.587618925213974e-14,1.1102230246251565e-15,False,-10.209584575173736,174,13,468,1.1102230246251565e-15,1.5411043427603235e-09,8.136071545874051e-14,0.24365262623499007,0.0,174,174,0.49999999999999134,0.5000000000000064,0.4999999999999946,0.5000000000000054,0.5000000000000072,0.4999999999999931,0.5000000000000039,0.49999999999999345
0.5,2.0,1.0,low_nonzero,[0.4],raw_lambda_and_shift_no_rescaling,4,2,2,4.0,-1.0,paper_uncentered,1e-10,-10.226492861192469,-10.209584575173736,0.016908286018733065,0.18513680515660624,3.1604265871010284e-09,0.016908282858306478,3.36952687973735e-14,1.1102230246251565e-15,False,-10.209584578334162,102,9,324,8.881784197001252e-16,1.5417776083834905e-09,5.669613458170274e-14,0.24365261564245877,0.0,102,102,0.4999999999999825,0.5000000000000158,0.4999999999999853,0.5000000000000151,0.5000000000000162,0.49999999999998335,0.5000000000000144,0.49999999999998446
0.5,2.0,1.0,both_nonzero,"[0.4, 4.0]",raw_lambda_and_shift_no_rescaling,4,2,2,4.0,-1.0,paper_uncentered,1e-10,-10.226492861192469,-10.209584575173736,0.016908286018733065,0.18513680515660624,3.1604354688852254e-09,0.016908282858297596,9.547918011776346e-15,1.3322676295501878e-15,False,-10.209584578334171,174,13,468,6.661338147750939e-16,1.5417774545279046e-09,5.897565498607785e-14,0.2436526156425014,0.0,174,174,0.4999999999999958,0.5000000000000037,0.49999999999999734,0.5000000000000042,0.5000000000000053,0.4999999999999961,0.500000000000003,0.4999999999999966
0.5,2.4,1.0954451150103321,low,[0.0],raw_lambda_and_shift_no_rescaling,4,2,2,4.0,-1.0,paper_uncentered,1e-10,-12.65804240968778,-12.644287477340535,0.01375493234724523,-0.0015711021245135015,3.375077994860476e-14,0.01375493234721148,1.9984014443252818e-15,3.1401577627043764e-07,False,-12.64428747734057,144,9,324,8.881784197001252e-16,2.066949624693645e-09,6.299803812499414e-14,1.6411038927799382e-07,0.0,144,144,0.5000000785039455,0.4999999214960589,0.5000000785039418,0.4999999214960555,0.5000000785039435,0.49999992149605743,0.5000000785039438,0.49999992149605715
0.5,2.4,1.0954451150103321,high,[4.0],raw_lambda_and_shift_no_rescaling,4,2,2,4.0,-1.0,paper_uncentered,1e-10,-12.65804240968778,-12.644287477340535,0.01375493234724523,-0.0015711021245135015,6.761290299195366e-05,0.013687319444253276,1.1102230246251565e-15,1.1201857330611631e-08,False,-12.644355090243527,180,9,324,1.3322676295501878e-15,2.077360192113661e-09,4.6823415337415625e-14,1.638338371634518e-07,0.0,180,180,0.5000000028004636,0.49999999719953514,0.5000000028004634,0.49999999719953503,0.5000000028004625,0.4999999971995348,0.5000000028004639,0.49999999719953586
0.5,2.4,1.0954451150103321,both,"[0.0, 4.0]",raw_lambda_and_shift_no_rescaling,4,2,2,4.0,-1.0,paper_uncentered,1e-10,-12.65804240968778,-12.644287477340535,0.01375493234724523,-0.0015711021245135015,6.761290300971723e-05,0.013687319444235513,2.220446049250313e-15,2.6607467207284685e-07,False,-12.644355090243545,216,13,468,2.220446049250313e-15,2.0773599504548066e-09,5.591639462115794e-14,1.638338424925223e-07,0.0,216,216,0.5000000665186702,0.4999999334813333,0.5000000665186682,0.49999993348133287,0.500000066518668,0.49999993348133287,0.5000000665186698,0.4999999334813338
0.5,2.4,1.0954451150103321,low_nonzero,[0.4],raw_lambda_and_shift_no_rescaling,4,2,2,4.0,-1.0,paper_uncentered,1e-10,-12.65804240968778,-12.644287477340535,0.01375493234724523,-0.0015711021245135015,1.587707743055944e-11,0.013754932331368153,2.220446049250313e-16,8.150704777776241e-08,False,-12.644287477356412,144,9,324,8.881784197001252e-16,2.066951543610575e-09,2.3355166174480517e-14,1.6411080494549424e-07,0.0,144,144,0.4999999796232388,0.5000000203767625,0.4999999796232386,0.5000000203767623,0.4999999796232386,0.5000000203767626,0.49999997962323856,0.5000000203767625
0.5,2.4,1.0954451150103321,both_nonzero,"[0.4, 4.0]",raw_lambda_and_shift_no_rescaling,4,2,2,4.0,-1.0,paper_uncentered,1e-10,-12.65804240968778,-12.644287477340535,0.01375493234724523,-0.0015711021245135015,6.761291881751674e-05,0.013687319428427713,8.881784197001252e-16,1.267446303465647e-07,False,-12.644355090259353,216,13,468,1.2212453270876722e-15,2.0773616879701726e-09,7.553001313733512e-14,1.6383424927823853e-07,0.0,216,216,0.49999996831384247,0.5000000316861568,0.4999999683138417,0.5000000316861575,0.49999996831384247,0.500000031686157,0.4999999683138421,0.5000000316861566
0.5,2.8,1.1832159566199232,low,[0.0],raw_lambda_and_shift_no_rescaling,4,2,2,4.0,-1.0,paper_uncentered,1e-10,-15.532140759146177,-15.527651753489538,0.004489005656639122,-0.0008741784657164686,3.552713678800501e-15,0.00448900565663557,6.661338147750939e-16,1.317469910366853e-05,True,-15.527651753489542,144,9,324,2.220446049250313e-15,4.798989688059318e-10,6.434309610962197e-14,6.89354351379734e-10,0.0,144,144,0.5000032936747771,0.4999967063252253,0.5000032936747766,0.4999967063252253,0.5000032936747769,0.4999967063252251,0.5000032936747772,0.4999967063252252
0.5,2.8,1.1832159566199232,high,[4.0],raw_lambda_and_shift_no_rescaling,4,2,2,4.0,-1.0,paper_uncentered,1e-10,-15.532140759146177,-15.527651753489538,0.004489005656639122,-0.0008741784657164686,0.0001283724479588244,0.004360633208680298,7.771561172376096e-16,8.295638246980097e-05,True,-15.527780125937497,180,9,324,8.881784197001252e-16,5.718014736016383e-10,4.605525066931967e-14,6.812577169057477e-10,0.0,180,180,0.5000207390956174,0.4999792609043826,0.5000207390956181,0.4999792609043837,0.500020739095618,0.499979260904383,0.5000207390956173,0.4999792609043835
0.5,2.8,1.1832159566199232,both,"[0.0, 4.0]",raw_lambda_and_shift_no_rescaling,4,2,2,4.0,-1.0,paper_uncentered,1e-10,-15.532140759146177,-15.527651753489538,0.004489005656639122,-0.0008741784657164686,0.0001283724479677062,0.004360633208671416,3.3306690738754696e-16,3.249835568497339e-05,True,-15.527780125937506,216,13,468,1.1102230246251565e-16,5.718013992318546e-10,3.9869576712541754e-14,6.812577169057477e-10,0.0,216,216,0.5000081245889211,0.4999918754110787,0.5000081245889209,0.4999918754110793,0.5000081245889212,0.49999187541107865,0.5000081245889212,0.499991875411079
0.5,2.8,1.1832159566199232,low_nonzero,[0.4],raw_lambda_and_shift_no_rescaling,4,2,2,4.0,-1.0,paper_uncentered,1e-10,-15.532140759146177,-15.527651753489538,0.004489005656639122,-0.0008741784657164686,1.7763568394002505e-14,0.004489005656621359,2.55351295663786e-15,4.5916692638980905e-05,True,-15.527651753489556,144,9,324,3.3306690738754696e-15,4.798990958887001e-10,7.224101915073413e-14,6.894023130143978e-10,0.0,144,144,0.5000114791731616,0.49998852082684164,0.5000114791731615,0.49998852082684214,0.5000114791731616,0.49998852082684253,0.5000114791731589,0.49998852082684375
0.5,2.8,1.1832159566199232,both_nonzero,"[0.4, 4.0]",raw_lambda_and_shift_no_rescaling,4,2,2,4.0,-1.0,paper_uncentered,1e-10,-15.532140759146177,-15.527651753489538,0.004489005656639122,-0.0008741784657164686,0.00012837244798191705,0.004360633208657205,4.440892098500626e-16,8.685898889027044e-09,True,-15.52778012593752,216,13,468,1.1102230246251565e-15,5.718014979749934e-10,7.280030528837834e-14,6.812808095446599e-10,0.0,216,216,0.5000000021714742,0.4999999978285245,0.5000000021714741,0.49999999782852456,0.500000002171474,0.4999999978285249,0.5000000021714737,0.4999999978285248
0.5,3.2,1.2649110640673518,low,[0.0],raw_lambda_and_shift_no_rescaling,4,2,2,4.0,-1.0,paper_uncentered,1e-10,-18.524825858605368,-18.52292802939743,0.0018978292079374626,-0.00034738405193834865,-3.552713678800501e-15,0.0018978292079410153,3.3306690738754696e-16,0.004870199493478999,True,-18.522928029397427,144,9,324,1.9984014443252818e-15,2.0521375774244816e-10,5.070766650719061e-14,5.027089855502709e-12,0.0,144,144,0.4987824501266295,0.5012175498733686,0.4987824501266297,0.5012175498733685,0.4987824501266293,0.501217549873369,0.49878245012662953,0.5012175498733688
0.5,3.2,1.2649110640673518,high,[4.0],raw_lambda_and_shift_no_rescaling,4,2,2,4.0,-1.0,paper_uncentered,1e-10,-18.524825858605368,-18.52292802939743,0.0018978292079374626,-0.00034738405193834865,8.409166016676295e-05,0.0018137375477706996,8.326672684688674e-16,0.01989613453121053,True,-18.523012121057597,180,9,324,7.771561172376096e-16,3.674039864238427e-10,9.95923372678344e-14,4.856559598920285e-12,0.0,180,180,0.5049740336328021,0.49502596636719776,0.5049740336328014,0.4950259663671967,0.5049740336328021,0.4950259663671969,0.5049740336328021,0.49502596636719703
0.5,3.2,1.2649110640673518,both,"[0.0, 4.0]",raw_lambda_and_shift_no_rescaling,4,2,2,4.0,-1.0,paper_uncentered,1e-10,-18.524825858605368,-18.52292802939743,0.0018978292079374626,-0.00034738405193834865,8.409166017386838e-05,0.0018137375477635942,1.1102230246251565e-15,0.0013308391500868044,True,-18.523012121057604,216,13,468,1.1102230246251565e-15,3.674040652439478e-10,1.1439948620682164e-13,4.838796030526282e-12,0.0,216,216,0.4996672902124788,0.5003327097875225,0.49966729021247885,0.5003327097875221,0.49966729021247935,0.5003327097875214,0.49966729021247897,0.5003327097875224
0.5,3.2,1.2649110640673518,low_nonzero,[0.4],raw_lambda_and_shift_no_rescaling,4,2,2,4.0,-1.0,paper_uncentered,1e-10,-18.524825858605368,-18.52292802939743,0.0018978292079374626,-0.00034738405193834865,-9.592326932761353e-14,0.0018978292080333858,2.7755575615628914e-16,8.738861344559368e-07,True,-18.522928029397335,144,9,324,4.884981308350689e-15,2.052138391720608e-10,1.232433177439416e-13,5.066169705969514e-12,0.0,144,144,0.500000218471531,0.49999978152846375,0.500000218471531,0.4999997815284642,0.500000218471531,0.49999978152846397,0.5000002184715311,0.4999997815284639
0.5,3.2,1.2649110640673518,both_nonzero,"[0.4, 4.0]",raw_lambda_and_shift_no_rescaling,4,2,2,4.0,-1.0,paper_uncentered,1e-10,-18.524825858605368,-18.52292802939743,0.0018978292079374626,-0.00034738405193834865,8.409166014899938e-05,0.0018137375477884632,7.771561172376096e-16,0.005047095814157965,True,-18.52301212105758,216,13,468,1.1102230246251565e-15,3.6740402796275156e-10,1.1351769288531542e-13,4.838796030526282e-12,0.0,216,216,0.4987382260464596,0.5012617739535388,0.49873822604646006,0.5012617739535392,0.4987382260464604,0.5012617739535384,0.4987382260464601,0.5012617739535388
0.5,3.6,1.3416407864998738,low,[0.0],raw_lambda_and_shift_no_rescaling,4,2,2,4.0,-1.0,paper_uncentered,1e-10,-21.58142556320903,-21.58047907169502,0.0009464915140107166,-0.0001430714121681831,-1.7763568394002505e-14,0.0009464915140284802,2.220446049250313e-16,1.921220582546414,True,-21.580479071695002,144,9,324,2.886579864025407e-15,4.5504420230667116e-10,1.2261252462363806e-13,6.394884621840902e-14,0.0,144,144,0.01969485436339504,0.9803051456366019,0.01969485436339518,0.9803051456366019,0.019694854363395017,0.9803051456366018,0.019694854363395152,0.9803051456366021
0.5,3.6,1.3416407864998738,high,[4.0],raw_lambda_and_shift_no_rescaling,4,2,2,4.0,-1.0,paper_uncentered,1e-10,-21.58142556320903,-21.58047907169502,0.0009464915140107166,-0.0001430714121681831,2.164377903568493e-05,0.0009248477349750317,1.9081958235744878e-16,1.9213722236237158,True,-21.580500715474056,180,9,324,1.1102230246251565e-16,4.823054680314963e-10,7.272214451058318e-14,6.394884621840902e-14,0.0,180,180,0.9803430559059287,0.019656944094070965,0.9803430559059289,0.01965694409407098,0.9803430559059287,0.019656944094071156,0.9803430559059289,0.01965694409407091
0.5,3.6,1.3416407864998738,both,"[0.0, 4.0]",raw_lambda_and_shift_no_rescaling,4,2,2,4.0,-1.0,paper_uncentered,1e-10,-21.58142556320903,-21.58047907169502,0.0009464915140107166,-0.0001430714121681831,2.1643779028579502e-05,0.0009248477349821371,6.661338147750939e-16,1.921372223623713,True,-21.58050071547405,216,13,468,5.551115123125783e-16,4.823034243218194e-10,1.3953018215435872e-13,6.394884621840902e-14,0.0,216,216,0.01965694409407139,0.9803430559059282,0.01965694409407163,0.980343055905928,0.019656944094071774,0.9803430559059275,0.019656944094071663,0.9803430559059281
0.5,3.6,1.3416407864998738,low_nonzero,[0.4],raw_lambda_and_shift_no_rescaling,4,2,2,4.0,-1.0,paper_uncentered,1e-10,-21.58142556320903,-21.58047907169502,0.0009464915140107166,-0.0001430714121681831,-1.7763568394002505e-14,0.0009464915140284802,2.220446049250313e-16,0.0005362169327050026,True,-21.580479071695002,144,9,324,2.55351295663786e-15,4.5504413433156716e-10,1.992002755138341e-13,5.3290705182007514e-14,0.0,144,144,0.49986594576682253,0.5001340542331749,0.4998659457668226,0.5001340542331748,0.4998659457668223,0.500134054233175,0.49986594576682275,0.5001340542331747
0.5,3.6,1.3416407864998738,both_nonzero,"[0.4, 4.0]",raw_lambda_and_shift_no_rescaling,4,2,2,4.0,-1.0,paper_uncentered,1e-10,-21.58142556320903,-21.58047907169502,0.0009464915140107166,-0.0001430714121681831,2.1643779025026788e-05,0.0009248477349856898,1.0998146837692957e-15,1.9213722236237156,True,-21.580500715474045,216,13,468,3.3306690738754696e-16,4.823055559843762e-10,2.840956946250661e-13,8.171241461241152e-14,0.0,216,216,0.9803430559059281,0.019656944094071486,0.9803430559059286,0.019656944094071652,0.9803430559059289,0.019656944094071184,0.9803430559059293,0.019656944094070553
0.5,4.0,1.4142135623730951,low,[0.0],raw_lambda_and_shift_no_rescaling,4,2,2,4.0,-1.0,paper_uncentered,1e-10,-24.676379084041194,-24.6758500789143,0.0005290051268929119,-6.334337416546987e-05,3.552713678800501e-15,0.0005290051268893592,1.7694179454963432e-16,1.9412599892790423,True,-24.675850078914305,144,9,324,6.661338147750939e-16,4.825043396811897e-11,7.567335402472042e-14,7.105427357601002e-15,0.0,144,144,0.014685002680239794,0.9853149973197608,0.014685002680239808,0.9853149973197609,0.014685002680239789,0.9853149973197608,0.014685002680239985,0.9853149973197609
0.5,4.0,1.4142135623730951,high,[4.0],raw_lambda_and_shift_no_rescaling,4,2,2,4.0,-1.0,paper_uncentered,1e-10,-24.676379084041194,-24.6758500789143,0.0005290051268929119,-6.334337416546987e-05,-1.0658141036401503e-14,0.00052900512690357,1.6653345369377348e-16,1.6935954736538381,True,-24.67585007891429,108,9,324,1.1102230246251565e-15,6.823604686474488e-11,1.3778055049067747e-13,1.4210854715202004e-14,0.0,108,108,0.9233988684134589,0.07660113158653993,0.9233988684134588,0.07660113158654004,0.9233988684134588,0.07660113158653976,0.9233988684134589,0.07660113158653992
0.5,4.0,1.4142135623730951,both,"[0.0, 4.0]",raw_lambda_and_shift_no_rescaling,4,2,2,4.0,-1.0,paper_uncentered,1e-10,-24.676379084041194,-24.6758500789143,0.0005290051268929119,-6.334337416546987e-05,7.105427357601002e-15,0.0005290051268858065,1.1102230246251565e-16,1.9412580450989323,True,-24.67585007891431,144,13,468,4.440892098500626e-16,6.823652393070407e-11,7.623661481097737e-14,1.0658141036401503e-14,0.0,144,144,0.014685488725266956,0.9853145112747331,0.014685488725267114,0.985314511274733,0.014685488725266975,0.9853145112747331,0.014685488725267053,0.9853145112747331
0.5,4.0,1.4142135623730951,low_nonzero,[0.4],raw_lambda_and_shift_no_rescaling,4,2,2,4.0,-1.0,paper_uncentered,1e-10,-24.676379084041194,-24.6758500789143,0.0005290051268929119,-6.334337416546987e-05,0.0,0.0005290051268929119,2.7755575615628914e-16,1.1567181275262683e-05,True,-24.6758500789143,144,9,324,1.7763568394002505e-15,4.8250117288268745e-11,8.959451921236587e-14,6.394884621840902e-14,0.0,144,144,0.4999971082046819,0.5000028917953198,0.4999971082046823,0.5000028917953196,0.4999971082046822,0.5000028917953196,0.49999710820468224,0.5000028917953196
0.5,4.0,1.4142135623730951,both_nonzero,"[0.4, 4.0]",raw_lambda_and_shift_no_rescaling,4,2,2,4.0,-1.0,paper_uncentered,1e-10,-24.676379084041194,-24.6758500789143,0.0005290051268929119,-6.334337416546987e-05,1.4210854715202004e-14,0.000529005126878701,5.551115123125783e-16,7.849905191648077e-06,True,-24.675850078914316,144,13,468,4.440892098500626e-16,6.823614652153847e-11,1.0830505419984722e-13,3.907985046680551e-14,0.0,144,144,0.4999980375237024,0.5000019624762977,0.4999980375237026,0.5000019624762981,0.4999980375237022,0.5000019624762982,0.4999980375237022,0.5000019624762981
5.0,0.0,0.0,low,[0.0],raw_lambda_and_shift_no_rescaling,4,2,2,4.0,-1.0,paper_uncentered,1e-10,-2.102748483462074,-2.1027484834620735,4.440892098500626e-16,0.27247708761060263,-4.440892098500626e-16,8.881784197001252e-16,3.941291737419306e-15,2.220446049250313e-16,False,-2.102748483462073,36,9,324,2.1094237467877974e-15,2.2805515279938395e-14,7.601838426646132e-15,0.29632463163896094,0.0,36,36,0.5000000000000008,0.49999999999999684,0.5000000000000007,0.4999999999999972,0.499999999999997,0.5000000000000008,0.4999999999999971,0.5000000000000006
5.0,0.0,0.0,high,[4.0],raw_lambda_and_shift_no_rescaling,4,2,2,4.0,-1.0,paper_uncentered,1e-10,-2.102748483462074,-2.1027484834620735,4.440892098500626e-16,0.27247708761060263,-2.6645352591003757e-15,3.1086244689504383e-15,2.120525977034049e-14,3.3306690738754696e-16,False,-2.102748483462071,108,9,324,2.220446049250313e-16,2.3744012294178583e-13,1.4262310539794568e-13,0.2963246316389354,0.0,108,108,0.4999999999999894,0.5000000000000102,0.49999999999998934,0.5000000000000104,0.5000000000000103,0.4999999999999897,0.5000000000000102,0.49999999999998923
5.0,0.0,0.0,both,"[0.0, 4.0]",raw_lambda_and_shift_no_rescaling,4,2,2,4.0,-1.0,paper_uncentered,1e-10,-2.102748483462074,-2.1027484834620735,4.440892098500626e-16,0.27247708761060263,3.1086244689504383e-15,-2.6645352591003757e-15,3.2751579226442118e-15,2.220446049250313e-16,False,-2.1027484834620767,108,13,468,8.881784197001252e-16,2.0189834111025033e-13,7.977164968780602e-14,0.2963246316391035,0.0,108,108,0.5000000000000013,0.49999999999999967,0.5000000000000022,0.49999999999999895,0.4999999999999998,0.5000000000000013,0.49999999999999895,0.500000000000002
5.0,0.0,0.0,low_nonzero,[0.4],raw_lambda_and_shift_no_rescaling,4,2,2,4.0,-1.0,paper_uncentered,1e-10,-2.102748483462074,-2.1027484834620735,4.440892098500626e-16,0.27247708761060263,5.773159728050814e-15,-5.329070518200751e-15,1.8984813721090177e-14,2.220446049250313e-16,False,-2.1027484834620793,72,9,324,1.3322676295501878e-15,2.559207579775703e-14,1.4401105698753982e-14,0.29632463163897427,0.0,72,72,0.4999999999999911,0.5000000000000093,0.4999999999999919,0.5000000000000101,0.5000000000000101,0.49999999999999184,0.5000000000000093,0.49999999999999123
5.0,0.0,0.0,both_nonzero,"[0.4, 4.0]",raw_lambda_and_shift_no_rescaling,4,2,2,4.0,-1.0,paper_uncentered,1e-10,-2.102748483462074,-2.1027484834620735,4.440892098500626e-16,0.27247708761060263,4.440892098500626e-16,0.0,6.5503158452884236e-15,4.440892098500626e-16,False,-2.102748483462074,144,13,468,1.887379141862766e-15,3.934752914134259e-14,3.020525691590166e-14,0.2963246316389414,0.0,144,144,0.49999999999999656,0.5000000000000008,0.4999999999999968,0.5000000000000023,0.5000000000000014,0.4999999999999974,0.5000000000000017,0.4999999999999958
5.0,0.4,1.4142135623730951,low,[0.0],raw_lambda_and_shift_no_rescaling,4,2,2,4.0,-1.0,paper_uncentered,1e-10,-3.8208165388903703,-3.820347355834281,0.0004691830560892285,0.22636863504483262,7.993605777301127e-15,0.0004691830560812349,2.09277040141842e-14,9.992007221626409e-16,False,-3.820347355834289,102,9,324,2.220446049250313e-16,1.5688469342788676e-09,1.0252202501077239e-13,0.2586956113733012,0.0,102,102,0.5000000000000097,0.49999999999998973,0.5000000000000105,0.4999999999999899,0.4999999999999898,0.5000000000000107,0.4999999999999896,0.5000000000000095
5.0,0.4,1.4142135623730951,high,[4.0],raw_lambda_and_shift_no_rescaling,4,2,2,4.0,-1.0,paper_uncentered,1e-10,-3.8208165388903703,-3.820347355834281,0.0004691830560892285,0.22636863504483262,1.3357967430405182e-05,0.0004558250886588233,9.325873406851315e-15,2.220446049250313e-16,False,-3.8203607138017115,138,9,324,1.3322676295501878e-15,1.47412960407792e-09,6.882534797433699e-14,0.2586911929750473,0.0,138,138,0.5000000000000054,0.4999999999999974,0.5000000000000022,0.4999999999999982,0.4999999999999961,0.5000000000000043,0.4999999999999993,0.5000000000000034
5.0,0.4,1.4142135623730951,both,"[0.0, 4.0]",raw_lambda_and_shift_no_rescaling,4,2,2,4.0,-1.0,paper_uncentered,1e-10,-3.8208165388903703,-3.820347355834281,0.0004691830560892285,0.22636863504483262,1.3456767752995091e-05,0.0004557262883362334,1.1213252548714081e-14,1.1102230246251565e-15,False,-3.820360812602034,174,13,468,1.1102230246251565e-16,1.4734589997157165e-09,3.724878648981124e-14,0.2586909414690757,0.0,174,174,0.4999999999999948,0.5000000000000058,0.49999999999999517,0.5000000000000042,0.5000000000000053,0.49999999999999456,0.5000000000000042,0.49999999999999584
5.0,0.4,1.4142135623730951,low_nonzero,[0.4],raw_lambda_and_shift_no_rescaling,4,2,2,4.0,-1.0,paper_uncentered,1e-10,-3.8208165388903703,-3.820347355834281,0.0004691830560892285,0.22636863504483262,5.773159728050814e-15,0.00046918305608345534,2.220446049250313e-15,1.1102230246251565e-16,False,-3.820347355834287,66,9,324,5.551115123125783e-16,2.2186845817184956e-09,6.448034809089871e-14,0.2586956113733083,0.0,66,66,0.4999999999999997,0.4999999999999988,0.5000000000000009,0.49999999999999967,0.4999999999999999,0.5000000000000007,0.49999999999999867,0.4999999999999998
5.0,0.4,1.4142135623730951,both_nonzero,"[0.4, 4.0]",raw_lambda_and_shift_no_rescaling,4,2,2,4.0,-1.0,paper_uncentered,1e-10,-3.8208165388903703,-3.820347355834281,0.0004691830560892285,0.22636863504483262,1.335796743129336e-05,0.00045582508865793514,9.658940314238862e-15,9.992007221626409e-16,False,-3.8203607138017124,138,13,468,1.1102230246251565e-16,2.0845781785197822e-09,2.8375570677032116e-14,0.2586911929750668,0.0,138,138,0.5000000000000048,0.4999999999999953,0.5000000000000046,0.4999999999999951,0.49999999999999567,0.5000000000000044,0.4999999999999949,0.5000000000000048
5.0,0.8,2.0,low,[0.0],raw_lambda_and_shift_no_rescaling,4,2,2,4.0,-1.0,paper_uncentered,1e-10,-5.563903885022497,-5.561667914922781,0.0022359700997158782,0.16739725421914198,-8.881784197001252e-16,0.0022359700997167664,2.2815083156046967e-14,1.3322676295501878e-15,False,-5.56166791492278,102,9,324,9.992007221626409e-16,5.819798466494598e-09,3.579006403965475e-14,0.20801387552836292,0.0,102,102,0.5000000000000109,0.4999999999999885,0.5000000000000105,0.4999999999999887,0.49999999999998807,0.5000000000000104,0.4999999999999896,0.5000000000000104
5.0,0.8,2.0,high,[4.0],raw_lambda_and_shift_no_rescaling,4,2,2,4.0,-1.0,paper_uncentered,1e-10,-5.563903885022497,-5.561667914922781,0.0022359700997158782,0.16739725421914198,0.00012573448430419631,0.002110235615411682,2.5979218776228663e-14,1.1102230246251565e-15,False,-5.561793649407085,138,9,324,0.0,5.101705185324538e-09,5.56257627973986e-14,0.2079878116030116,0.0,138,138,0.5000000000000097,0.49999999999999073,0.5000000000000127,0.4999999999999868,0.49999999999999106,0.5000000000000091,0.4999999999999871,0.5000000000000128
5.0,0.8,2.0,both,"[0.0, 4.0]",raw_lambda_and_shift_no_rescaling,4,2,2,4.0,-1.0,paper_uncentered,1e-10,-5.563903885022497,-5.561667914922781,0.0022359700997158782,0.16739725421914198,0.0001266409804507873,0.002109329119265091,9.325873406851315e-15,1.5543122344752192e-15,False,-5.561794555903232,174,13,468,1.5543122344752192e-15,5.098196638881175e-09,7.48141578067798e-14,0.20798666063130788,0.0,174,174,0.4999999999999988,0.5000000000000018,0.49999999999999645,0.5000000000000056,0.5000000000000023,0.49999999999999867,0.5000000000000056,0.4999999999999962
5.0,0.8,2.0,low_nonzero,[0.4],raw_lambda_and_shift_no_rescaling,4,2,2,4.0,-1.0,paper_uncentered,1e-10,-5.563903885022497,-5.561667914922781,0.0022359700997158782,0.16739725421914198,5.462553746227172e-06,0.002230507545969651,3.219646771412954e-15,1.2212453270876722e-15,False,-5.561673377476527,102,9,324,4.440892098500626e-16,6.246633295805759e-09,9.166764158639461e-14,0.20800458150815526,0.0,102,102,0.5000000000000017,0.4999999999999999,0.5000000000000008,0.49999999999999833,0.4999999999999985,0.5000000000000012,0.4999999999999995,0.5000000000000016
5.0,0.8,2.0,both_nonzero,"[0.4, 4.0]",raw_lambda_and_shift_no_rescaling,4,2,2,4.0,-1.0,paper_uncentered,1e-10,-5.563903885022497,-5.561667914922781,0.0022359700997158782,0.16739725421914198,0.00013184172456526255,0.0021041283751506157,9.992007221626409e-15,2.4424906541753444e-15,False,-5.561799756647346,174,13,468,7.771561172376096e-16,5.521359928149374e-09,1.0351561955473918e-13,0.20799211436645404,0.0,174,174,0.499999999999994,0.5000000000000027,0.4999999999999979,0.5000000000000041,0.500000000000004,0.49999999999999756,0.5000000000000007,0.4999999999999964
5.0,1.2,2.449489742783178,low,[0.0],raw_lambda_and_shift_no_rescaling,4,2,2,4.0,-1.0,paper_uncentered,1e-10,-7.34254382001493,-7.336223734341352,0.006320085673578113,0.10074743750362991,0.0,0.006320085673578113,4.9960036108132044e-15,1.5543122344752192e-15,False,-7.336223734341352,102,9,324,1.1102230246251565e-16,7.484661402145345e-10,7.246253844438261e-14,0.14328122200484827,0.0,102,102,0.5000000000000018,0.5000000000000014,0.4999999999999991,0.499999999999998,0.49999999999999756,0.4999999999999988,0.5000000000000008,0.500000000000003
5.0,1.2,2.449489742783178,high,[4.0],raw_lambda_and_shift_no_rescaling,4,2,2,4.0,-1.0,paper_uncentered,1e-10,-7.34254382001493,-7.336223734341352,0.006320085673578113,0.10074743750362991,0.000553320948124103,0.00576676472545401,3.652633751016765e-14,1.2212453270876722e-15,False,-7.336777055289476,138,9,324,1.3322676295501878e-15,6.676075100621251e-10,6.657454788668805e-14,0.143216763292366,0.0,138,138,0.5000000000000162,0.49999999999998246,0.5000000000000175,0.499999999999981,0.49999999999998235,0.5000000000000169,0.499999999999981,0.5000000000000171
5.0,1.2,2.449489742783178,both,"[0.0, 4.0]",raw_lambda_and_shift_no_rescaling,4,2,2,4.0,-1.0,paper_uncentered,1e-10,-7.34254382001493,-7.336223734341352,0.006320085673578113,0.10074743750362991,0.0005569977232982026,0.00576308795027991,1.504352198367087e-14,1.1102230246251565e-15,False,-7.33678073206465,174,13,468,6.661338147750939e-16,6.643762770499153e-10,2.85541625997576e-14,0.14321420320813516,0.0,174,174,0.49999999999999317,0.500000000000007,0.4999999999999938,0.5000000000000073,0.5000000000000082,0.4999999999999938,0.5000000000000064,0.49999999999999284
5.0,1.2,2.449489742783178,low_nonzero,[0.4],raw_lambda_and_shift_no_rescaling,4,2,2,4.0,-1.0,paper_uncentered,1e-10,-7.34254382001493,-7.336223734341352,0.006320085673578113,0.10074743750362991,1.2132197368508457e-05,0.0063079534762096046,1.1657341758564144e-14,7.771561172376096e-16,False,-7.33623586653872,102,9,324,2.220446049250313e-16,2.624187133289352e-09,4.5647526151506483e-14,0.14326384520303392,0.0,102,102,0.49999999999999417,0.5000000000000034,0.4999999999999958,0.5000000000000057,0.500000000000005,0.49999999999999606,0.5000000000000041,0.499999999999994
5.0,1.2,2.449489742783178,both_nonzero,"[0.4, 4.0]",raw_lambda_and_shift_no_rescaling,4,2,2,4.0,-1.0,paper_uncentered,1e-10,-7.34254382001493,-7.336223734341352,0.006320085673578113,0.10074743750362991,0.0005742369776573497,0.005745848695920763,6.716849298982197e-14,1.4432899320127035e-15,False,-7.336797971319009,174,13,468,6.661338147750939e-16,2.664753991856995e-09,7.298543478130698e-14,0.14323073078277826,0.0,174,174,0.5000000000000304,0.4999999999999683,0.5000000000000329,0.49999999999996686,0.49999999999996964,0.500000000000031,0.4999999999999657,0.5000000000000322
5.0,1.6,2.8284271247461903,low,[0.0],raw_lambda_and_shift_no_rescaling,4,2,2,4.0,-1.0,paper_uncentered,1e-10,-9.174936282997294,-9.159989402805415,0.01494688019187862,0.03986648208599064,-5.329070518200751e-15,0.014946880191883949,5.35682609381638e-14,2.55351295663786e-15,False,-9.15998940280541,102,9,324,1.5543122344752192e-15,3.8156284278772885e-09,6.098195449253522e-14,0.06996387822544925,0.0,102,102,0.5000000000000262,0.49999999999997263,0.5000000000000252,0.4999999999999733,0.4999999999999728,0.5000000000000262,0.49999999999997446,0.5000000000000238
5.0,1.6,2.8284271247461903,high,[4.0],raw_lambda_and_shift_no_rescaling,4,2,2,4.0,-1.0,paper_uncentered,1e-10,-9.174936282997294,-9.159989402805415,0.01494688019187862,0.03986648208599064,0.0017111609849553844,0.013235719206923235,8.548717289613705e-15,1.5543122344752192e-15,False,-9.16170056379037,138,9,324,1.9984014443252818e-15,4.400839992569987e-09,6.410847424404093e-14,0.06990125779387846,0.0,138,138,0.5000000000000051,0.49999999999999634,0.5000000000000042,0.49999999999999833,0.4999999999999972,0.5000000000000049,0.4999999999999973,0.5000000000000046
5.0,1.6,2.8284271247461903,both,"[0.0, 4.0]",raw_lambda_and_shift_no_rescaling,4,2,2,4.0,-1.0,paper_uncentered,1e-10,-9.174936282997294,-9.159989402805415,0.01494688019187862,0.03986648208599064,0.0017208129463686106,0.01322606724551001,7.238654120556021e-14,6.217248937900877e-15,False,-9.161710215751784,174,13,468,1.7763568394002505e-15,4.345662880998754e-09,8.177196956322655e-14,0.06989717806140305,0.0,174,174,0.4999999999999686,0.5000000000000324,0.4999999999999644,0.5000000000000375,0.500000000000035,0.49999999999996997,0.500000000000033,0.49999999999996514
5.0,1.6,2.8284271247461903,low_nonzero,[0.4],raw_lambda_and_shift_no_rescaling,4,2,2,4.0,-1.0,paper_uncentered,1e-10,-9.174936282997294,-9.159989402805415,0.01494688019187862,0.03986648208599064,2.3498916998931918e-05,0.014923381274879688,1.9872992140790302e-14,1.3322676295501878e-15,False,-9.160012901722414,102,9,324,1.1102230246251565e-16,4.357834078189269e-09,6.22795854861407e-14,0.06994632824333813,0.0,102,102,0.5000000000000079,0.49999999999999284,0.5000000000000092,0.49999999999999023,0.49999999999999223,0.5000000000000078,0.49999999999999006,0.5000000000000101
5.0,1.6,2.8284271247461903,both_nonzero,"[0.4, 4.0]",raw_lambda_and_shift_no_rescaling,4,2,2,4.0,-1.0,paper_uncentered,1e-10,-9.174936282997294,-9.159989402805415,0.01494688019187862,0.03986648208599064,0.001759872472030466,0.013187007719848154,1.2789769243681803e-13,6.661338147750939e-15,False,-9.161749275277446,174,13,468,1.4432899320127035e-15,4.8752042783056735e-09,1.1752392640989836e-13,0.06992673002176453,0.0,174,174,0.5000000000000651,0.4999999999999346,0.5000000000000608,0.49999999999993633,0.4999999999999373,0.5000000000000625,0.49999999999993466,0.5000000000000624
5.0,2.0,3.1622776601683795,low,[0.0],raw_lambda_and_shift_no_rescaling,4,2,2,4.0,-1.0,paper_uncentered,1e-10,-11.096623035077718,-11.070408665766939,0.026214369310778807,0.004885500475833027,7.105427357601002e-15,0.0262143693107717,6.609157665593557e-13,9.658940314238862e-15,False,-11.070408665766946,144,9,324,1.3322676295501878e-15,6.827985489289014e-09,1.247385842523305e-13,0.011466692107337195,0.0,144,144,0.5000000000003291,0.4999999999996711,0.5000000000003286,0.4999999999996739,0.4999999999996769,0.5000000000003302,0.4999999999996677,0.5000000000003282
5.0,2.0,3.1622776601683795,high,[4.0],raw_lambda_and_shift_no_rescaling,4,2,2,4.0,-1.0,paper_uncentered,1e-10,-11.096623035077718,-11.070408665766939,0.026214369310778807,0.004885500475833027,0.0012950518936118982,0.02491931741716691,4.324318680914985e-14,3.1086244689504383e-15,False,-11.07170371766055,180,9,324,5.551115123125783e-16,5.697437173920468e-09,1.391732097992086e-13,0.010988508390676444,0.0,180,180,0.4999999999999812,0.5000000000000184,0.4999999999999786,0.5000000000000207,0.5000000000000187,0.49999999999998274,0.5000000000000199,0.4999999999999774
5.0,2.0,3.1622776601683795,both,"[0.0, 4.0]",raw_lambda_and_shift_no_rescaling,4,2,2,4.0,-1.0,paper_uncentered,1e-10,-11.096623035077718,-11.070408665766939,0.026214369310778807,0.004885500475833027,0.0013084894566599559,0.02490587985411885,1.2989609388114332e-13,7.549516567451064e-15,False,-11.071717155223599,216,13,468,5.551115123125783e-16,5.7200998807467175e-09,2.7606381273439884e-13,0.010992168556112958,0.0,216,216,0.5000000000000637,0.4999999999999386,0.5000000000000638,0.4999999999999324,0.4999999999999378,0.5000000000000603,0.49999999999993827,0.5000000000000623
5.0,2.0,3.1622776601683795,low_nonzero,[0.4],raw_lambda_and_shift_no_rescaling,4,2,2,4.0,-1.0,paper_uncentered,1e-10,-11.096623035077718,-11.070408665766939,0.026214369310778807,0.004885500475833027,8.940679681046504e-06,0.02620542863109776,2.0189405702808472e-13,1.9095836023552692e-14,False,-11.07041760644662,144,9,324,0.0,6.991712486000219e-09,1.3118490503377246e-13,0.011466561849454493,0.0,144,144,0.5000000000001068,0.4999999999998981,0.5000000000000988,0.499999999999896,0.4999999999999049,0.5000000000000998,0.4999999999998982,0.5000000000000967
5.0,2.0,3.1622776601683795,both_nonzero,"[0.4, 4.0]",raw_lambda_and_shift_no_rescaling,4,2,2,4.0,-1.0,paper_uncentered,1e-10,-11.096623035077718,-11.070408665766939,0.026214369310778807,0.004885500475833027,0.001439683702109562,0.024774685608669245,1.3217205108162489e-13,7.327471962526033e-15,False,-11.071848349469049,216,13,468,1.2212453270876722e-15,6.317849225342051e-09,3.4849020752616266e-13,0.011121918680823129,0.0,216,216,0.4999999999999366,0.5000000000000642,0.4999999999999334,0.5000000000000637,0.5000000000000637,0.4999999999999386,0.5000000000000638,0.49999999999993155
5.0,2.4,3.4641016151377544,low,[0.0],raw_lambda_and_shift_no_rescaling,4,2,2,4.0,-1.0,paper_uncentered,1e-10,-13.598069602279995,-13.541760471765384,0.05630913051461128,0.014862767740954297,-8.881784197001252e-15,0.056309130514620165,5.88418203051333e-15,3.321676267376006e-12,False,-13.541760471765375,144,9,324,2.1094237467877974e-15,8.675517036557165e-10,2.1884882466690408e-13,0.00612756584783547,0.0,144,144,0.5000000000008308,0.49999999999916983,0.5000000000008292,0.49999999999916644,0.5000000000008286,0.49999999999917294,0.5000000000008233,0.4999999999991712
5.0,2.4,3.4641016151377544,high,[4.0],raw_lambda_and_shift_no_rescaling,4,2,2,4.0,-1.0,paper_uncentered,1e-10,-13.598069602279995,-13.541760471765384,0.05630913051461128,0.014862767740954297,0.006170222058250019,0.050138908456361264,7.494005416219807e-15,1.6577850203702837e-12,False,-13.547930693823634,180,9,324,2.220446049250313e-16,8.270261201601772e-10,1.9864242752814432e-13,0.005349750724692015,0.0,180,180,0.5000000000004108,0.4999999999995816,0.5000000000004132,0.4999999999995952,0.5000000000004097,0.49999999999958866,0.5000000000004148,0.4999999999995877
5.0,2.4,3.4641016151377544,both,"[0.0, 4.0]",raw_lambda_and_shift_no_rescaling,4,2,2,4.0,-1.0,paper_uncentered,1e-10,-13.598069602279995,-13.541760471765384,0.05630913051461128,0.014862767740954297,0.006174714080254162,0.05013441643435712,3.1086244689504383e-15,2.892130979148533e-13,False,-13.547935185845638,216,13,468,8.881784197001252e-16,8.262580252152096e-10,2.259571037606514e-13,0.005347339793672745,0.0,216,216,0.5000000000000706,0.49999999999992756,0.5000000000000733,0.49999999999993056,0.5000000000000688,0.49999999999993067,0.5000000000000742,0.49999999999992834
5.0,2.4,3.4641016151377544,low_nonzero,[0.4],raw_lambda_and_shift_no_rescaling,4,2,2,4.0,-1.0,paper_uncentered,1e-10,-13.598069602279995,-13.541760471765384,0.05630913051461128,0.014862767740954297,9.449110264014848e-05,0.056214639411971135,4.6629367034256575e-15,2.1738166822160565e-13,False,-13.541854962868024,144,9,324,8.881784197001252e-16,8.681676503528854e-09,3.5892101641443916e-13,0.006193872147232327,0.0,144,144,0.49999999999995265,0.5000000000000572,0.49999999999994815,0.5000000000000442,0.4999999999999495,0.500000000000056,0.49999999999994776,0.5000000000000488
5.0,2.4,3.4641016151377544,both_nonzero,"[0.4, 4.0]",raw_lambda_and_shift_no_rescaling,4,2,2,4.0,-1.0,paper_uncentered,1e-10,-13.598069602279995,-13.541760471765384,0.05630913051461128,0.014862767740954297,0.006223845206219991,0.05008528530839129,5.662137425588298e-15,2.6270097208680454e-12,False,-13.547984316971604,216,13,468,5.551115123125783e-16,1.1516610423320617e-08,1.500392140911995e-13,0.005391729325880945,0.0,216,216,0.49999999999934785,0.5000000000006525,0.4999999999993453,0.5000000000006535,0.49999999999934536,0.5000000000006543,0.49999999999934036,0.5000000000006591
5.0,2.8,3.7416573867739413,low,[0.0],raw_lambda_and_shift_no_rescaling,4,2,2,4.0,-1.0,paper_uncentered,1e-10,-16.2524135875897,-16.172745011817543,0.07966857577215691,0.049830917490929494,-3.552713678800501e-15,0.07966857577216047,1.9984014443252818e-15,2.7400304247748863e-12,False,-16.17274501181754,144,9,324,2.220446049250313e-16,1.2277538982489666e-07,1.6365730845053746e-13,0.014893610034921068,0.0,144,144,0.5000000000006838,0.4999999999993187,0.5000000000006831,0.4999999999993153,0.5000000000006849,0.4999999999993192,0.5000000000006836,0.4999999999993133
5.0,2.8,3.7416573867739413,high,[4.0],raw_lambda_and_shift_no_rescaling,4,2,2,4.0,-1.0,paper_uncentered,1e-10,-16.2524135875897,-16.172745011817543,0.07966857577215691,0.049830917490929494,0.006622805165140022,0.07304577060701689,1.9984014443252818e-15,1.836752971939859e-12,False,-16.179367816982683,180,9,324,1.2212453270876722e-15,1.1281304077644154e-07,3.5017353909904376e-13,0.01512464305497474,0.0,180,180,0.4999999999995421,0.5000000000004591,0.4999999999995401,0.5000000000004559,0.4999999999995418,0.5000000000004576,0.49999999999953976,0.5000000000004579
5.0,2.8,3.7416573867739413,both,"[0.0, 4.0]",raw_lambda_and_shift_no_rescaling,4,2,2,4.0,-1.0,paper_uncentered,1e-10,-16.2524135875897,-16.172745011817543,0.07966857577215691,0.049830917490929494,0.006632132296740423,0.07303644347541649,1.887379141862766e-15,1.0798029137504273e-12,False,-16.179377144114284,216,13,468,8.881784197001252e-16,1.1314607519869866e-07,2.707211381542438e-13,0.015132634063334649,0.0,216,216,0.4999999999997349,0.5000000000002665,0.499999999999731,0.5000000000002696,0.49999999999973427,0.500000000000266,0.4999999999997301,0.5000000000002714
5.0,2.8,3.7416573867739413,low_nonzero,[0.4],raw_lambda_and_shift_no_rescaling,4,2,2,4.0,-1.0,paper_uncentered,1e-10,-16.2524135875897,-16.172745011817543,0.07966857577215691,0.049830917490929494,7.851627707111675e-05,0.0795900594950858,3.6637359812630166e-15,4.177325152454614e-12,False,-16.172823528094614,144,9,324,1.3322676295501878e-15,1.2487550100654804e-07,3.568557661878118e-13,0.014960063720764083,0.0,144,144,0.5000000000010467,0.4999999999989552,0.500000000001044,0.4999999999989566,0.5000000000010443,0.4999999999989585,0.5000000000010404,0.49999999999895944
5.0,2.8,3.7416573867739413,both_nonzero,"[0.4, 4.0]",raw_lambda_and_shift_no_rescaling,4,2,2,4.0,-1.0,paper_uncentered,1e-10,-16.2524135875897,-16.172745011817543,0.07966857577215691,0.049830917490929494,0.006859155371792269,0.07280942040036464,3.885780586188048e-15,5.601075159233915e-13,False,-16.179604167189336,216,13,468,1.1102230246251565e-15,1.1619244413464127e-07,2.8618484016557424e-13,0.015350424896123371,0.0,216,216,0.5000000000001364,0.49999999999986144,0.5000000000001379,0.4999999999998617,0.5000000000001374,0.49999999999985756,0.5000000000001412,0.49999999999986133
5.0,3.2,4.0,low,[0.0],raw_lambda_and_shift_no_rescaling,4,2,2,4.0,-1.0,paper_uncentered,1e-10,-19.039227943310348,-18.94671112339651,0.0925168199138362,0.06622162659276043,-4.263256414560601e-14,0.09251681991387883,1.887379141862766e-15,2.4530044662185446e-11,False,-18.94671112339647,144,9,324,2.55351295663786e-15,4.718313944530655e-09,2.8393437646578867e-13,0.006567523525788488,0.0,144,144,0.5000000000061326,0.49999999999386735,0.5000000000061247,0.4999999999938703,0.5000000000061326,0.4999999999938679,0.5000000000061228,0.4999999999938714
5.0,3.2,4.0,high,[4.0],raw_lambda_and_shift_no_rescaling,4,2,2,4.0,-1.0,paper_uncentered,1e-10,-19.039227943310348,-18.94671112339651,0.0925168199138362,0.06622162659276043,0.006647371708133676,0.08586944820570253,1.3322676295501878e-15,5.1390003363849246e-12,False,-18.953358495104645,180,9,324,2.220446049250313e-16,4.37915946408332e-09,1.7949091481803609e-13,0.008761541874932277,0.0,180,180,0.49999999999871747,0.5000000000012828,0.499999999998715,0.5000000000012852,0.4999999999987174,0.5000000000012841,0.49999999999871503,0.5000000000012839
5.0,3.2,4.0,both,"[0.0, 4.0]",raw_lambda_and_shift_no_rescaling,4,2,2,4.0,-1.0,paper_uncentered,1e-10,-19.039227943310348,-18.94671112339651,0.0925168199138362,0.06622162659276043,0.006679600119664286,0.08583721979417192,1.4432899320127035e-15,8.570699705501283e-12,False,-18.953390723516176,216,13,468,1.1102230246251565e-15,4.351069403042336e-09,4.270332605887712e-13,0.008780222972028184,0.0,216,216,0.49999999999785527,0.5000000000021414,0.4999999999978629,0.5000000000021383,0.49999999999785555,0.5000000000021401,0.49999999999786254,0.5000000000021397
5.0,3.2,4.0,low_nonzero,[0.4],raw_lambda_and_shift_no_rescaling,4,2,2,4.0,-1.0,paper_uncentered,1e-10,-19.039227943310348,-18.94671112339651,0.0925168199138362,0.06622162659276043,4.383100492333369e-06,0.09251243681334387,1.3877787807814457e-15,2.1116441928370477e-12,False,-18.946715506497004,144,9,324,3.3306690738754696e-16,5.338429543185055e-09,1.1407763689598453e-13,0.006570083832272644,0.0,144,144,0.5000000000005256,0.4999999999994721,0.5000000000005285,0.4999999999994735,0.5000000000005257,0.49999999999947187,0.5000000000005272,0.49999999999947486
5.0,3.2,4.0,both_nonzero,"[0.4, 4.0]",raw_lambda_and_shift_no_rescaling,4,2,2,4.0,-1.0,paper_uncentered,1e-10,-19.039227943310348,-18.94671112339651,0.0925168199138362,0.06622162659276043,0.00690063211153813,0.08561618780229807,6.661338147750939e-16,2.309819002732638e-12,False,-18.95361175550805,216,13,468,4.440892098500626e-16,8.767603670742058e-09,3.5248606969342453e-13,0.008971392482862939,0.0,216,216,0.49999999999942485,0.5000000000005768,0.49999999999942224,0.5000000000005776,0.4999999999994251,0.5000000000005768,0.4999999999994226,0.500000000000577
5.0,3.6,4.242640687119285,low,[0.0],raw_lambda_and_shift_no_rescaling,4,2,2,4.0,-1.0,paper_uncentered,1e-10,-21.93892442358019,-21.86146340181789,0.07746102176229996,0.0548502779084572,1.7763568394002505e-14,0.0774610217622822,7.771561172376096e-16,4.7027937100097006e-11,False,-21.861463401817907,144,9,324,1.2212453270876722e-15,7.862149812004916e-10,1.5579248099481239e-13,0.0014330709607470737,0.0,144,144,0.4999999999882424,0.5000000000117565,0.49999999998824285,0.5000000000117559,0.49999999998824246,0.5000000000117563,0.4999999999882422,0.5000000000117567
5.0,3.6,4.242640687119285,high,[4.0],raw_lambda_and_shift_no_rescaling,4,2,2,4.0,-1.0,paper_uncentered,1e-10,-21.93892442358019,-21.86146340181789,0.07746102176229996,0.0548502779084572,0.00417108220703355,0.07328993955526641,1.3877787807814457e-15,9.520828569975492e-12,False,-21.865634484024923,180,9,324,4.440892098500626e-16,4.391963705522321e-10,6.650634802964853e-13,0.002798228167694816,0.0,180,180,0.49999999999761946,0.5000000000023803,0.49999999999761907,0.50000000000238,0.49999999999762085,0.5000000000023792,0.4999999999976196,0.5000000000023793
5.0,3.6,4.242640687119285,both,"[0.0, 4.0]",raw_lambda_and_shift_no_rescaling,4,2,2,4.0,-1.0,paper_uncentered,1e-10,-21.93892442358019,-21.86146340181789,0.07746102176229996,0.0548502779084572,0.004202905689851377,0.07325811607244859,1.3877787807814457e-15,4.900524430695441e-13,False,-21.86566630750774,216,13,468,6.661338147750939e-16,4.3422129145756243e-10,1.7580176379060108e-12,0.0028106142554626956,0.0,216,216,0.5000000000001233,0.49999999999987893,0.5000000000001205,0.49999999999987843,0.500000000000123,0.49999999999987754,0.5000000000001212,0.4999999999998796
5.0,3.6,4.242640687119285,low_nonzero,[0.4],raw_lambda_and_shift_no_rescaling,4,2,2,4.0,-1.0,paper_uncentered,1e-10,-21.93892442358019,-21.86146340181789,0.07746102176229996,0.0548502779084572,1.4288641839499405e-05,0.07744673312046046,3.3306690738754696e-16,2.5734747666206204e-11,False,-21.86147769045973,144,9,324,2.1094237467877974e-15,4.30600782041499e-09,1.083372124936516e-13,0.0014310064515221654,0.0,144,144,0.5000000000064326,0.4999999999935653,0.5000000000064325,0.49999999999356554,0.5000000000064329,0.4999999999935654,0.5000000000064322,0.4999999999935653
5.0,3.6,4.242640687119285,both_nonzero,"[0.4, 4.0]",raw_lambda_and_shift_no_rescaling,4,2,2,4.0,-1.0,paper_uncentered,1e-10,-21.93892442358019,-21.86146340181789,0.07746102176229996,0.0548502779084572,0.004300097113556944,0.07316092464874302,7.771561172376096e-16,2.8541613517063524e-12,False,-21.865763498931447,216,13,468,2.220446049250313e-16,6.963783994746955e-09,6.53008726769737e-13,0.0028834014611902603,0.0,216,216,0.49999999999928685,0.5000000000007124,0.4999999999992878,0.5000000000007135,0.49999999999928674,0.500000000000712,0.49999999999928757,0.5000000000007143
5.0,4.0,4.47213595499958,low,[0.0],raw_lambda_and_shift_no_rescaling,4,2,2,4.0,-1.0,paper_uncentered,1e-10,-24.925942921721166,-24.87328358502858,0.05265933669258516,0.03615700468459693,-1.0658141036401503e-14,0.052659336692595815,3.3306690738754696e-16,1.0112899406777842e-10,False,-24.87328358502857,144,9,324,1.1102230246251565e-15,3.352738641362136e-10,9.401804261315321e-14,0.00029980269610518917,0.0,144,144,0.4999999999747186,0.5000000000252831,0.4999999999747184,0.5000000000252827,0.49999999997471845,0.5000000000252828,0.4999999999747184,0.500000000025283
5.0,4.0,4.47213595499958,high,[4.0],raw_lambda_and_shift_no_rescaling,4,2,2,4.0,-1.0,paper_uncentered,1e-10,-24.925942921721166,-24.87328358502858,0.05265933669258516,0.03615700468459693,-1.7763568394002505e-14,0.05265933669260292,2.220446049250313e-16,7.624989528665083e-11,False,-24.873283585028563,108,9,324,1.3322676295501878e-15,4.741491425813409e-10,2.4533714186608173e-13,0.00029980269610163646,0.0,108,108,0.4999999999809382,0.5000000000190629,0.4999999999809382,0.5000000000190631,0.4999999999809384,0.5000000000190629,0.499999999980938,0.5000000000190631
5.0,4.0,4.47213595499958,both,"[0.0, 4.0]",raw_lambda_and_shift_no_rescaling,4,2,2,4.0,-1.0,paper_uncentered,1e-10,-24.925942921721166,-24.87328358502858,0.05265933669258516,0.03615700468459693,-3.197442310920451e-14,0.05265933669261713,5.551115123125783e-16,1.0057599197921263e-10,False,-24.87328358502855,144,13,468,9.992007221626409e-16,4.741490170107771e-10,6.500564753144832e-14,0.0002998026961122946,0.0,144,144,0.49999999997485545,0.5000000000251434,0.49999999997485584,0.5000000000251432,0.4999999999748555,0.5000000000251434,0.4999999999748553,0.5000000000251438
5.0,4.0,4.47213595499958,low_nonzero,[0.4],raw_lambda_and_shift_no_rescaling,4,2,2,4.0,-1.0,paper_uncentered,1e-10,-24.925942921721166,-24.87328358502858,0.05265933669258516,0.03615700468459693,1.4880775893288956e-05,0.05264445591669187,8.881784197001252e-16,2.506417295933261e-10,False,-24.873298465804474,144,9,324,6.661338147750939e-16,4.047912216673258e-09,7.180563329433401e-14,0.0002997563633684308,0.0,144,144,0.49999999993734007,0.5000000000626612,0.49999999993733985,0.5000000000626601,0.4999999999373403,0.5000000000626603,0.4999999999373399,0.5000000000626604
5.0,4.0,4.47213595499958,both_nonzero,"[0.4, 4.0]",raw_lambda_and_shift_no_rescaling,4,2,2,4.0,-1.0,paper_uncentered,1e-10,-24.925942921721166,-24.87328358502858,0.05265933669258516,0.03615700468459693,1.4880775903947097e-05,0.05264445591668121,2.7755575615628914e-16,2.7821966952501498e-11,False,-24.873298465804485,144,13,468,1.3322676295501878e-15,4.061724793557723e-09,5.75117263374471e-14,0.0002997563633648781,0.0,144,144,0.5000000000069561,0.4999999999930452,0.5000000000069562,0.49999999999304495,0.5000000000069561,0.49999999999304506,0.500000000006956,0.49999999999304523
