omega,alpha,success,energy,orbital_grad_norm,lam_grad_max,charge_imbalance,spin_amplitude,message
0.5,0.0,True,-1.7632978285545784,4.199879803088645e-07,0.0,6.857787882008637e-08,0.8161463765311586,Optimization terminated successfully.
0.5,0.4,True,-3.3903528570519814,8.882445258288325e-07,1.1280439093930283e-07,3.921574009968509e-08,0.8083224801595503,Optimization terminated successfully.
0.5,0.8,True,-5.019275739273969,7.143538427406871e-07,6.740781621772385e-08,3.5342888615730317e-09,0.7996204934414675,Optimization terminated successfully.
0.5,1.2,True,-6.650344320864614,8.533637591318558e-07,2.6638970807013607e-07,5.024655858054672e-08,0.7898557201065246,Optimization terminated successfully.
0.5,1.6,True,-8.28390904877661,5.249314621822502e-07,2.2397019572295562e-07,6.777730210405508e-08,0.778778430489135,Optimization terminated successfully.
0.5,2.0,True,-9.920423582660595,2.480002733867959e-07,1.2552462180792645e-07,4.2284983958751354e-08,0.766038340621497,Optimization terminated successfully.
0.5,2.4,True,-11.56049543992714,1.2153535500967321e-06,8.310883496953636e-07,1.7609099678406182e-07,0.7511186604564923,Optimization terminated successfully.
0.5,2.8,True,-13.20497679735698,6.416205768048191e-07,1.4886087473797716e-07,4.2057036075959786e-08,0.7332000972903487,Optimization terminated successfully.
0.5,3.2,True,-14.855147167139387,2.1840708297692483e-07,9.151515012462141e-08,1.643633018577617e-08,0.710837075892009,Optimization terminated successfully.
0.5,3.6,True,-16.513154387436018,6.910850013069353e-07,3.9137227147989506e-07,1.311033094308911e-07,0.6809660795310499,Optimization terminated successfully.
0.5,4.0,True,-24.171426879458878,5.164635617016112e-07,1.2200142876417613e-07,1.999999999381184,1.160056162241574e-09,Optimization terminated successfully.
5.0,0.0,True,-1.7632978285545784,4.199879803088645e-07,0.0,6.857787882008637e-08,0.8161463765311586,Optimization terminated successfully.
5.0,0.4,True,-3.51875485370359,4.468276036679434e-07,5.606704136518204e-07,7.167784754624762e-08,0.7780830701766256,Optimization terminated successfully.
5.0,0.8,True,-5.314595546499582,2.269608151082308e-07,4.361280030451553e-07,2.7219242415554845e-09,0.7279313405662425,Optimization terminated successfully.
5.0,1.2,True,-7.1623853022739965,1.1296406504341781e-07,2.2077251227159422e-07,9.81011716305602e-09,0.6650905625152992,Optimization terminated successfully.
5.0,1.6,True,-9.071326648817983,6.86516640665191e-08,2.6955769438785637e-07,1.3096586481964323e-08,0.5938021266371123,Optimization terminated successfully.
5.0,2.0,True,-11.043840443140308,3.198931734493401e-07,2.3180803232492053e-07,5.674352410167671e-08,0.5221421183140484,Optimization terminated successfully.
5.0,2.4,True,-13.075248128388502,5.578524351849759e-07,3.3634660923098636e-07,2.452107785710922e-07,0.45668459975073217,Optimization terminated successfully.
5.0,2.8,True,-16.145128791773953,2.8031678729947337e-07,4.488628810861428e-07,1.4807692634633147,3.154709027342051e-08,Optimization terminated successfully.
5.0,3.2,True,-18.34396559563507,2.517725441082058e-07,1.5727169966339716e-07,1.7655670387951097,5.7426113864167405e-09,Optimization terminated successfully.
5.0,3.6,True,-21.360653876198548,4.6558049701190914e-07,6.289359436029152e-07,1.8825662380854307,3.795336378509262e-09,Optimization terminated successfully.
5.0,4.0,True,-24.452025271264027,4.990561492347878e-07,1.9306461962464994e-07,1.9294524391513355,3.6712611180267363e-09,Optimization terminated successfully.
