omega,alpha,g,L,neleca,nelecb,U,t,convention,stage,character,seed_alpha_local,nseed,theta,energy,ed_energy,minus_ed,original_energy,mp2_energy,rank,norm_error,residual_projected,cutoff_spread,numerically_stable,charge_imbalance,spin_amplitude,energy_cut_loose,energy_cut_tight
0.5,0.0,0.0,4,2,2,4.0,-1.0,paper_uncentered,fixed_two_states,1,4.0,2,"[0.0, 1.0]",-1.763297828554588,-2.102748483462074,0.33945065490748605,-2.1027484834620735,-1.8302713958514714,2,2.220446049250313e-16,4.039164478138021e-22,0.0,True,2.220446049250313e-16,1.1102230246251565e-16,-1.763297828554588,-1.763297828554588
0.5,0.0,0.0,4,2,2,4.0,-1.0,paper_uncentered,fixed_two_states,-1,4.0,2,"[0.0, 1.0]",-1.7632978285545866,-2.102748483462074,0.3394506549074874,-2.1027484834620735,-1.8302713958514714,2,2.220446049250313e-16,3.0175413750074067e-22,0.0,True,0.0,0.0,-1.7632978285545866,-1.7632978285545866
0.5,0.0,0.0,4,2,2,4.0,-1.0,paper_uncentered,original_projected,1,4.0,2,[],-1.8064238518231064,-2.102748483462074,0.2963246316389676,-2.1027484834620735,-1.8302713958514714,10,8.881784197001252e-16,1.8483904759267313e-15,0.0,True,1.1102230246251565e-16,1.1102230246251565e-16,-1.8064238518231064,-1.8064238518231064
0.5,0.0,0.0,4,2,2,4.0,-1.0,paper_uncentered,original_projected,-1,4.0,2,[],-2.102748483462077,-2.102748483462074,-3.1086244689504383e-15,-2.1027484834620735,-1.8302713958514714,10,1.1102230246251565e-15,5.053659819140823e-15,0.0,True,0.0,0.0,-2.102748483462077,-2.102748483462077
0.5,0.0,0.0,4,2,2,4.0,-1.0,paper_uncentered,endpoints,1,4.0,4,"[0.0, 1.0]",-1.8064238518231062,-2.102748483462074,0.29632463163896783,-2.1027484834620735,-1.8302713958514714,30,2.220446049250313e-16,2.8667222365182394e-14,0.0,True,0.0,0.0,-1.8064238518231062,-1.8064238518231062
0.5,0.0,0.0,4,2,2,4.0,-1.0,paper_uncentered,endpoints,-1,4.0,4,"[0.0, 1.0]",-2.102748483462081,-2.102748483462074,-7.105427357601002e-15,-2.1027484834620735,-1.8302713958514714,30,6.661338147750939e-16,1.1170451948402559e-14,0.0,True,0.0,5.551115123125783e-17,-2.102748483462081,-2.102748483462081
0.5,0.0,0.0,4,2,2,4.0,-1.0,paper_uncentered,grid3,1,4.0,5,"[0.0, 0.5, 1.0]",-1.8064238518231077,-2.102748483462074,0.2963246316389663,-2.1027484834620735,-1.8302713958514714,50,0.0,1.6556876383753733e-14,0.0,True,0.0,5.551115123125783e-17,-1.8064238518231077,-1.8064238518231077
0.5,0.0,0.0,4,2,2,4.0,-1.0,paper_uncentered,grid3,-1,4.0,5,"[0.0, 0.5, 1.0]",-2.102748483462064,-2.102748483462074,9.769962616701378e-15,-2.1027484834620735,-1.8302713958514714,50,2.220446049250313e-15,2.4310380250408572e-14,0.0,True,2.220446049250313e-16,1.1102230246251565e-16,-2.102748483462064,-2.102748483462064
0.5,0.0,0.0,4,2,2,4.0,-1.0,paper_uncentered,grid5,1,4.0,7,"[0.0, 0.25, 0.5, 0.75, 1.0]",-1.8064238518231057,-2.102748483462074,0.29632463163896827,-2.1027484834620735,-1.8302713958514714,90,1.3322676295501878e-15,1.555027685135156e-14,0.0,True,0.0,0.0,-1.8064238518231057,-1.8064238518231057
0.5,0.0,0.0,4,2,2,4.0,-1.0,paper_uncentered,grid5,-1,4.0,7,"[0.0, 0.25, 0.5, 0.75, 1.0]",-2.1027484834620815,-2.102748483462074,-7.549516567451064e-15,-2.1027484834620735,-1.8302713958514714,90,1.7763568394002505e-15,2.6486272270462522e-14,0.0,True,2.220446049250313e-16,1.1102230246251565e-16,-2.1027484834620815,-2.1027484834620815
0.5,0.0,0.0,4,2,2,4.0,-1.0,paper_uncentered,grid9,1,4.0,11,"[0.0, 0.125, 0.25, 0.375, 0.5, 0.625, 0.75, 0.875, 1.0]",-1.806423851823103,-2.102748483462074,0.29632463163897094,-2.1027484834620735,-1.8302713958514714,170,1.9984014443252818e-15,6.565027774381212e-14,0.0,True,0.0,0.0,-1.806423851823103,-1.806423851823103
0.5,0.0,0.0,4,2,2,4.0,-1.0,paper_uncentered,grid9,-1,4.0,11,"[0.0, 0.125, 0.25, 0.375, 0.5, 0.625, 0.75, 0.875, 1.0]",-2.102748483462079,-2.102748483462074,-4.884981308350689e-15,-2.1027484834620735,-1.8302713958514714,170,1.6653345369377348e-15,6.116850406944225e-14,0.0,True,1.1102230246251565e-16,1.1102230246251565e-16,-2.102748483462079,-2.102748483462079
0.5,0.4,0.4472135954999579,4,2,2,4.0,-1.0,paper_uncentered,fixed_two_states,1,4.0,2,"[0.0, 1.0]",-3.3903528570520574,-3.722234679001327,0.33188182194926963,-3.721918701727174,-3.4621898220720544,2,2.220446049250313e-16,6.283314243072969e-16,0.0,True,0.0,5.551115123125783e-17,-3.3903528570520574,-3.3903528570520574
0.5,0.4,0.4472135954999579,4,2,2,4.0,-1.0,paper_uncentered,fixed_two_states,-1,4.0,2,"[0.0, 1.0]",-3.390352857052075,-3.722234679001327,0.33188182194925187,-3.721918701727174,-3.4621898220720544,2,2.220446049250313e-16,6.281990578158417e-16,0.0,True,1.1102230246251565e-16,1.1102230246251565e-16,-3.390352857052075,-3.390352857052075
0.5,0.4,0.4472135954999579,4,2,2,4.0,-1.0,paper_uncentered,original_projected,1,4.0,2,[],-3.434045768344257,-3.722234679001327,0.2881889106570701,-3.721918701727174,-3.4621898220720544,18,1.1102230246251565e-15,1.2547321558112228e-13,0.0,True,0.0,1.1102230246251565e-16,-3.434045768344257,-3.434045768344257
0.5,0.4,0.4472135954999579,4,2,2,4.0,-1.0,paper_uncentered,original_projected,-1,4.0,2,[],-3.721918701727173,-3.722234679001327,0.00031597727415411114,-3.721918701727174,-3.4621898220720544,18,2.220446049250313e-16,1.1870931541905398e-13,0.0,True,0.0,1.1102230246251565e-16,-3.721918701727173,-3.721918701727173
0.5,0.4,0.4472135954999579,4,2,2,4.0,-1.0,paper_uncentered,endpoints,1,4.0,4,"[0.0, 1.0]",-3.4340457674054052,-3.722234679001327,0.28818891159592175,-3.721918701727174,-3.4621898220720544,38,2.220446049250313e-16,3.694310609816479e-14,0.0,True,0.0,5.551115123125783e-17,-3.4340457674054052,-3.4340457674054052
0.5,0.4,0.4472135954999579,4,2,2,4.0,-1.0,paper_uncentered,endpoints,-1,4.0,4,"[0.0, 1.0]",-3.72191870202351,-3.722234679001327,0.0003159769778169341,-3.721918701727174,-3.4621898220720544,38,1.4432899320127035e-15,1.193856659030099e-13,0.0,True,0.0,5.551115123125783e-17,-3.72191870202351,-3.72191870202351
0.5,0.4,0.4472135954999579,4,2,2,4.0,-1.0,paper_uncentered,grid3,1,4.0,5,"[0.0, 0.5, 1.0]",-3.4340458154188536,-3.722234679001327,0.2881888635824734,-3.721918701727174,-3.4621898220720544,58,2.886579864025407e-15,7.398255893305161e-14,0.0,True,0.0,0.0,-3.4340458154188536,-3.4340458154188536
0.5,0.4,0.4472135954999579,4,2,2,4.0,-1.0,paper_uncentered,grid3,-1,4.0,5,"[0.0, 0.5, 1.0]",-3.7219187277175547,-3.722234679001327,0.00031595128377226445,-3.721918701727174,-3.4621898220720544,58,1.1102230246251565e-15,8.944850891445029e-14,0.0,True,2.220446049250313e-16,1.1102230246251565e-16,-3.7219187277175547,-3.7219187277175547
0.5,0.4,0.4472135954999579,4,2,2,4.0,-1.0,paper_uncentered,grid5,1,4.0,7,"[0.0, 0.25, 0.5, 0.75, 1.0]",-3.4340830394059045,-3.722234679001327,0.28815163959542245,-3.721918701727174,-3.4621898220720544,98,4.440892098500626e-16,2.662060583845802e-14,0.0,True,0.0,5.551115123125783e-17,-3.4340830394059045,-3.4340830394059045
0.5,0.4,0.4472135954999579,4,2,2,4.0,-1.0,paper_uncentered,grid5,-1,4.0,7,"[0.0, 0.25, 0.5, 0.75, 1.0]",-3.721941245639112,-3.722234679001327,0.00029343336221510086,-3.721918701727174,-3.4621898220720544,98,8.881784197001252e-16,3.411167416664071e-14,0.0,True,0.0,0.0,-3.721941245639112,-3.721941245639112
0.5,0.4,0.4472135954999579,4,2,2,4.0,-1.0,paper_uncentered,grid9,1,4.0,11,"[0.0, 0.125, 0.25, 0.375, 0.5, 0.625, 0.75, 0.875, 1.0]",-3.4341533898578462,-3.722234679001327,0.28808128914348075,-3.721918701727174,-3.4621898220720544,178,1.1102230246251565e-16,5.753304003684233e-14,0.0,True,1.1102230246251565e-16,1.1102230246251565e-16,-3.4341533898578462,-3.4341533898578462
0.5,0.4,0.4472135954999579,4,2,2,4.0,-1.0,paper_uncentered,grid9,-1,4.0,11,"[0.0, 0.125, 0.25, 0.375, 0.5, 0.625, 0.75, 0.875, 1.0]",-3.721974964471195,-3.722234679001327,0.0002597145301321824,-3.721918701727174,-3.4621898220720544,178,0.0,5.150773142374964e-14,0.0,True,2.220446049250313e-16,1.1102230246251565e-16,-3.721974964471195,-3.721974964471195
0.5,0.8,0.6324555320336759,4,2,2,4.0,-1.0,paper_uncentered,fixed_two_states,1,4.0,2,"[0.0, 1.0]",-5.019275739274036,-5.343456394868242,0.3241806555942057,-5.342037921823665,-5.097945101229727,2,4.440892098500626e-16,1.2561748297815792e-15,0.0,True,0.0,3.3306690738754696e-16,-5.019275739274036,-5.019275739274036
0.5,0.8,0.6324555320336759,4,2,2,4.0,-1.0,paper_uncentered,fixed_two_states,-1,4.0,2,"[0.0, 1.0]",-5.019275739274052,-5.343456394868242,0.32418065559418974,-5.342037921823665,-5.097945101229727,2,2.220446049250313e-16,1.2561315067963253e-15,0.0,True,1.1102230246251565e-16,1.1102230246251565e-16,-5.019275739274052,-5.019275739274052
0.5,0.8,0.6324555320336759,4,2,2,4.0,-1.0,paper_uncentered,original_projected,1,4.0,2,[],-5.063487762999585,-5.343456394868242,0.27996863186865717,-5.342037921823665,-5.097945101229727,18,0.0,1.2535147029930079e-13,0.0,True,1.1102230246251565e-16,1.1102230246251565e-16,-5.063487762999585,-5.063487762999585
0.5,0.8,0.6324555320336759,4,2,2,4.0,-1.0,paper_uncentered,original_projected,-1,4.0,2,[],-5.34203792182366,-5.343456394868242,0.0014184730445814253,-5.342037921823665,-5.097945101229727,18,2.220446049250313e-16,1.1415560185775057e-13,0.0,True,2.220446049250313e-16,1.1102230246251565e-16,-5.34203792182366,-5.34203792182366
0.5,0.8,0.6324555320336759,4,2,2,4.0,-1.0,paper_uncentered,endpoints,1,4.0,4,"[0.0, 1.0]",-5.063487762934487,-5.343456394868242,0.27996863193375443,-5.342037921823665,-5.097945101229727,38,8.881784197001252e-16,5.849875282388257e-14,0.0,True,0.0,1.1102230246251565e-16,-5.063487762934487,-5.063487762934487
0.5,0.8,0.6324555320336759,4,2,2,4.0,-1.0,paper_uncentered,endpoints,-1,4.0,4,"[0.0, 1.0]",-5.342037921855069,-5.343456394868242,0.0014184730131727719,-5.342037921823665,-5.097945101229727,38,1.3322676295501878e-15,6.068126088263516e-14,0.0,True,0.0,5.551115123125783e-17,-5.342037921855069,-5.342037921855069
0.5,0.8,0.6324555320336759,4,2,2,4.0,-1.0,paper_uncentered,grid3,1,4.0,5,"[0.0, 0.5, 1.0]",-5.063488520461702,-5.343456394868242,0.27996787440654014,-5.342037921823665,-5.097945101229727,58,4.440892098500626e-16,6.048575221313107e-14,0.0,True,0.0,0.0,-5.063488520461702,-5.063488520461702
0.5,0.8,0.6324555320336759,4,2,2,4.0,-1.0,paper_uncentered,grid3,-1,4.0,5,"[0.0, 0.5, 1.0]",-5.3420383974133365,-5.343456394868242,0.0014179974549053398,-5.342037921823665,-5.097945101229727,58,2.220446049250313e-16,5.041065756073885e-14,0.0,True,0.0,5.551115123125783e-17,-5.3420383974133365,-5.3420383974133365
0.5,0.8,0.6324555320336759,4,2,2,4.0,-1.0,paper_uncentered,grid5,1,4.0,7,"[0.0, 0.25, 0.5, 0.75, 1.0]",-5.063707913619069,-5.343456394868242,0.2797484812491726,-5.342037921823665,-5.097945101229727,98,6.661338147750939e-16,5.4799794300059114e-14,0.0,True,0.0,0.0,-5.063707913619069,-5.063707913619069
0.5,0.8,0.6324555320336759,4,2,2,4.0,-1.0,paper_uncentered,grid5,-1,4.0,7,"[0.0, 0.25, 0.5, 0.75, 1.0]",-5.34219453718624,-5.343456394868242,0.0012618576820022653,-5.342037921823665,-5.097945101229727,98,0.0,6.762681241615458e-14,0.0,True,0.0,1.1102230246251565e-16,-5.34219453718624,-5.34219453718624
0.5,0.8,0.6324555320336759,4,2,2,4.0,-1.0,paper_uncentered,grid9,1,4.0,11,"[0.0, 0.125, 0.25, 0.375, 0.5, 0.625, 0.75, 0.875, 1.0]",-5.0639031313205685,-5.343456394868242,0.2795532635476734,-5.342037921823665,-5.097945101229727,178,1.1102230246251565e-15,6.41980754555596e-14,0.0,True,2.220446049250313e-16,1.1102230246251565e-16,-5.0639031313205685,-5.0639031313205685
0.5,0.8,0.6324555320336759,4,2,2,4.0,-1.0,paper_uncentered,grid9,-1,4.0,11,"[0.0, 0.125, 0.25, 0.375, 0.5, 0.625, 0.75, 0.875, 1.0]",-5.342334738336514,-5.343456394868242,0.0011216565317280214,-5.342037921823665,-5.097945101229727,178,0.0,6.554418875167305e-14,0.0,True,1.1102230246251565e-16,5.551115123125783e-17,-5.342334738336514,-5.342334738336514
0.5,1.2,0.7745966692414834,4,2,2,4.0,-1.0,paper_uncentered,fixed_two_states,1,4.0,2,"[0.0, 1.0]",-6.650344320864714,-6.9669593173568165,0.31661499649210256,-6.963236047505919,-6.738586004705379,2,2.220446049250313e-16,6.615533806660778e-17,0.0,True,0.0,1.1102230246251565e-16,-6.650344320864714,-6.650344320864714
0.5,1.2,0.7745966692414834,4,2,2,4.0,-1.0,paper_uncentered,fixed_two_states,-1,4.0,2,"[0.0, 1.0]",-6.650344320864736,-6.9669593173568165,0.31661499649208036,-6.963236047505919,-6.738586004705379,2,0.0,1.3457487235470981e-16,0.0,True,0.0,0.0,-6.650344320864736,-6.650344320864736
0.5,1.2,0.7745966692414834,4,2,2,4.0,-1.0,paper_uncentered,original_projected,1,4.0,2,[],-6.695026021130062,-6.9669593173568165,0.2719332962267549,-6.963236047505919,-6.738586004705379,18,8.881784197001252e-16,1.816433276863925e-13,0.0,True,1.1102230246251565e-16,1.1102230246251565e-16,-6.695026021130062,-6.695026021130062
0.5,1.2,0.7745966692414834,4,2,2,4.0,-1.0,paper_uncentered,original_projected,-1,4.0,2,[],-6.963236047505918,-6.9669593173568165,0.0037232698508988804,-6.963236047505919,-6.738586004705379,18,1.5543122344752192e-15,1.681192762113533e-13,0.0,True,2.220446049250313e-16,2.220446049250313e-16,-6.963236047505918,-6.963236047505918
0.5,1.2,0.7745966692414834,4,2,2,4.0,-1.0,paper_uncentered,endpoints,1,4.0,4,"[0.0, 1.0]",-6.6950260173557306,-6.9669593173568165,0.27193330000108595,-6.963236047505919,-6.738586004705379,38,6.661338147750939e-16,2.0527699398968782e-14,0.0,True,0.0,0.0,-6.6950260173557306,-6.6950260173557306
0.5,1.2,0.7745966692414834,4,2,2,4.0,-1.0,paper_uncentered,endpoints,-1,4.0,4,"[0.0, 1.0]",-6.9632360489658645,-6.9669593173568165,0.0037232683909520503,-6.963236047505919,-6.738586004705379,38,9.992007221626409e-16,1.1773102802014424e-13,0.0,True,2.220446049250313e-16,5.551115123125783e-17,-6.9632360489658645,-6.9632360489658645
0.5,1.2,0.7745966692414834,4,2,2,4.0,-1.0,paper_uncentered,grid3,1,4.0,5,"[0.0, 0.5, 1.0]",-6.695030505665388,-6.9669593173568165,0.2719288116914287,-6.963236047505919,-6.738586004705379,58,1.4432899320127035e-15,6.482294203940944e-14,0.0,True,2.220446049250313e-16,5.551115123125783e-17,-6.695030505665388,-6.695030505665388
0.5,1.2,0.7745966692414834,4,2,2,4.0,-1.0,paper_uncentered,grid3,-1,4.0,5,"[0.0, 0.5, 1.0]",-6.963239063101867,-6.9669593173568165,0.0037202542549499285,-6.963236047505919,-6.738586004705379,58,2.1094237467877974e-15,1.8822916903996263e-14,0.0,True,0.0,5.551115123125783e-17,-6.963239063101867,-6.963239063101867
0.5,1.2,0.7745966692414834,4,2,2,4.0,-1.0,paper_uncentered,grid5,1,4.0,7,"[0.0, 0.25, 0.5, 0.75, 1.0]",-6.695745071123715,-6.9669593173568165,0.2712142462331011,-6.963236047505919,-6.738586004705379,98,2.4424906541753444e-15,2.7447714607152003e-14,0.0,True,2.220446049250313e-16,5.551115123125783e-17,-6.695745071123715,-6.695745071123715
0.5,1.2,0.7745966692414834,4,2,2,4.0,-1.0,paper_uncentered,grid5,-1,4.0,7,"[0.0, 0.25, 0.5, 0.75, 1.0]",-6.9637780308052974,-6.9669593173568165,0.003181286551519058,-6.963236047505919,-6.738586004705379,98,8.881784197001252e-16,5.2273141885080457e-14,0.0,True,0.0,0.0,-6.9637780308052974,-6.9637780308052974
0.5,1.2,0.7745966692414834,4,2,2,4.0,-1.0,paper_uncentered,grid9,1,4.0,11,"[0.0, 0.125, 0.25, 0.375, 0.5, 0.625, 0.75, 0.875, 1.0]",-6.69614961787417,-6.9669593173568165,0.27080969948264677,-6.963236047505919,-6.738586004705379,178,1.887379141862766e-15,1.2830238039473405e-13,0.0,True,1.1102230246251565e-16,1.1102230246251565e-16,-6.69614961787417,-6.69614961787417
0.5,1.2,0.7745966692414834,4,2,2,4.0,-1.0,paper_uncentered,grid9,-1,4.0,11,"[0.0, 0.125, 0.25, 0.375, 0.5, 0.625, 0.75, 0.875, 1.0]",-6.964128301945841,-6.9669593173568165,0.0028310154109751906,-6.963236047505919,-6.738586004705379,178,1.1102230246251565e-15,7.595881535992146e-14,0.0,True,1.1102230246251565e-16,1.1102230246251565e-16,-6.964128301945841,-6.964128301945841
0.5,1.6,0.8944271909999159,4,2,2,4.0,-1.0,paper_uncentered,fixed_two_states,1,4.0,2,"[0.0, 1.0]",-8.283909048776627,-8.593747158530604,0.3098381097539775,-8.585678806123044,-8.38562656365509,2,2.220446049250313e-16,2.523769330869179e-15,0.0,True,0.0,5.551115123125783e-17,-8.283909048776627,-8.283909048776627
0.5,1.6,0.8944271909999159,4,2,2,4.0,-1.0,paper_uncentered,fixed_two_states,-1,4.0,2,"[0.0, 1.0]",-8.283909048776628,-8.593747158530604,0.30983810975397574,-8.585678806123044,-8.38562656365509,2,2.220446049250313e-16,3.890306303925992e-15,0.0,True,2.220446049250313e-16,1.1102230246251565e-16,-8.283909048776628,-8.283909048776628
0.5,1.6,0.8944271909999159,4,2,2,4.0,-1.0,paper_uncentered,original_projected,1,4.0,2,[],-8.329016232737139,-8.593747158530604,0.26473092579346513,-8.585678806123044,-8.38562656365509,18,1.5543122344752192e-15,1.1878649328301084e-13,0.0,True,0.0,1.1102230246251565e-16,-8.329016232737139,-8.329016232737139
0.5,1.6,0.8944271909999159,4,2,2,4.0,-1.0,paper_uncentered,original_projected,-1,4.0,2,[],-8.58567880612303,-8.593747158530604,0.008068352407574864,-8.585678806123044,-8.38562656365509,18,8.881784197001252e-16,1.1621532366176223e-13,0.0,True,0.0,1.1102230246251565e-16,-8.58567880612303,-8.58567880612303
0.5,1.6,0.8944271909999159,4,2,2,4.0,-1.0,paper_uncentered,endpoints,1,4.0,4,"[0.0, 1.0]",-8.329016231057096,-8.593747158530604,0.2647309274735079,-8.585678806123044,-8.38562656365509,38,8.881784197001252e-16,2.8885310791623764e-14,0.0,True,1.1102230246251565e-16,5.551115123125783e-17,-8.329016231057096,-8.329016231057096
0.5,1.6,0.8944271909999159,4,2,2,4.0,-1.0,paper_uncentered,endpoints,-1,4.0,4,"[0.0, 1.0]",-8.585678804794453,-8.593747158530604,0.008068353736151224,-8.585678806123044,-8.38562656365509,38,0.0,2.787318181120798e-14,0.0,True,2.220446049250313e-16,1.1102230246251565e-16,-8.585678804794453,-8.585678804794453
0.5,1.6,0.8944271909999159,4,2,2,4.0,-1.0,paper_uncentered,grid3,1,4.0,5,"[0.0, 0.5, 1.0]",-8.329033129260027,-8.593747158530604,0.26471402927057675,-8.585678806123044,-8.38562656365509,58,4.440892098500626e-16,3.789117652932905e-14,0.0,True,0.0,5.551115123125783e-17,-8.329033129260027,-8.329033129260027
0.5,1.6,0.8944271909999159,4,2,2,4.0,-1.0,paper_uncentered,grid3,-1,4.0,5,"[0.0, 0.5, 1.0]",-8.585690568338217,-8.593747158530604,0.008056590192387247,-8.585678806123044,-8.38562656365509,58,1.3322676295501878e-15,3.006910877873678e-14,0.0,True,0.0,1.1102230246251565e-16,-8.585690568338217,-8.585690568338217
0.5,1.6,0.8944271909999159,4,2,2,4.0,-1.0,paper_uncentered,grid5,1,4.0,7,"[0.0, 0.25, 0.5, 0.75, 1.0]",-8.330813126808371,-8.593747158530604,0.2629340317222333,-8.585678806123044,-8.38562656365509,98,1.887379141862766e-15,3.583655077725664e-14,0.0,True,0.0,1.6653345369377348e-16,-8.330813126808371,-8.330813126808371
0.5,1.6,0.8944271909999159,4,2,2,4.0,-1.0,paper_uncentered,grid5,-1,4.0,7,"[0.0, 0.25, 0.5, 0.75, 1.0]",-8.587067702233487,-8.593747158530604,0.006679456297117525,-8.585678806123044,-8.38562656365509,98,1.2212453270876722e-15,4.580839134345537e-14,0.0,True,2.220446049250313e-16,1.1102230246251565e-16,-8.587067702233487,-8.587067702233487
0.5,1.6,0.8944271909999159,4,2,2,4.0,-1.0,paper_uncentered,grid9,1,4.0,11,"[0.0, 0.125, 0.25, 0.375, 0.5, 0.625, 0.75, 0.875, 1.0]",-8.331540787174607,-8.593747158530604,0.26220637135599745,-8.585678806123044,-8.38562656365509,178,1.1102230246251565e-16,1.105917632095385e-13,0.0,True,0.0,1.1102230246251565e-16,-8.331540787174607,-8.331540787174607
0.5,1.6,0.8944271909999159,4,2,2,4.0,-1.0,paper_uncentered,grid9,-1,4.0,11,"[0.0, 0.125, 0.25, 0.375, 0.5, 0.625, 0.75, 0.875, 1.0]",-8.587758211239503,-8.593747158530604,0.005988947291100999,-8.585678806123044,-8.38562656365509,178,4.440892098500626e-16,1.5400221114113849e-13,0.0,True,2.220446049250313e-16,1.1102230246251565e-16,-8.587758211239503,-8.587758211239503
0.5,2.0,1.0,4,2,2,4.0,-1.0,paper_uncentered,fixed_two_states,1,4.0,2,"[0.0, 1.0]",-9.920423582660591,-10.226492861192469,0.3060692785318775,-10.209584575173736,-10.041356056035863,2,4.440892098500626e-16,6.3347392536317186e-15,0.0,True,1.1102230246251565e-16,5.551115123125783e-17,-9.920423582660591,-9.920423582660591
0.5,2.0,1.0,4,2,2,4.0,-1.0,paper_uncentered,fixed_two_states,-1,4.0,2,"[0.0, 1.0]",-9.920423582660598,-10.226492861192469,0.3060692785318704,-10.209584575173736,-10.041356056035863,2,4.440892098500626e-16,2.6882590642844844e-15,0.0,True,0.0,1.1102230246251565e-16,-9.920423582660598,-9.920423582660598
0.5,2.0,1.0,4,2,2,4.0,-1.0,paper_uncentered,original_projected,1,4.0,2,[],-9.965931948938731,-10.226492861192469,0.26056091225373734,-10.209584575173736,-10.041356056035863,18,1.3322676295501878e-15,1.7292911553338623e-13,0.0,True,0.0,0.0,-9.965931948938731,-9.965931948938731
0.5,2.0,1.0,4,2,2,4.0,-1.0,paper_uncentered,original_projected,-1,4.0,2,[],-10.20958457517373,-10.226492861192469,0.016908286018738394,-10.209584575173736,-10.041356056035863,18,3.1086244689504383e-15,1.538800884665795e-13,0.0,True,1.1102230246251565e-16,1.1102230246251565e-16,-10.20958457517373,-10.20958457517373
0.5,2.0,1.0,4,2,2,4.0,-1.0,paper_uncentered,endpoints,1,4.0,4,"[0.0, 1.0]",-9.965931948774061,-10.226492861192469,0.2605609124184074,-10.209584575173736,-10.041356056035863,38,4.440892098500626e-16,1.8079395820826715e-14,0.0,True,0.0,1.1102230246251565e-16,-9.965931948774061,-9.965931948774061
0.5,2.0,1.0,4,2,2,4.0,-1.0,paper_uncentered,endpoints,-1,4.0,4,"[0.0, 1.0]",-10.209584575248538,-10.226492861192469,0.01690828594393068,-10.209584575173736,-10.041356056035863,38,8.881784197001252e-16,3.0702583236921215e-14,0.0,True,4.440892098500626e-16,1.1102230246251565e-16,-10.209584575248538,-10.209584575248538
0.5,2.0,1.0,4,2,2,4.0,-1.0,paper_uncentered,grid3,1,4.0,5,"[0.0, 0.5, 1.0]",-9.96598096600194,-10.226492861192469,0.260511895190529,-10.209584575173736,-10.041356056035863,58,1.1102230246251565e-15,1.0412960807878983e-13,0.0,True,1.1102230246251565e-16,1.1102230246251565e-16,-9.96598096600194,-9.96598096600194
0.5,2.0,1.0,4,2,2,4.0,-1.0,paper_uncentered,grid3,-1,4.0,5,"[0.0, 0.5, 1.0]",-10.20961937781556,-10.226492861192469,0.016873483376908638,-10.209584575173736,-10.041356056035863,58,6.661338147750939e-16,1.959752456879056e-14,0.0,True,2.220446049250313e-16,1.1102230246251565e-16,-10.20961937781556,-10.20961937781556
0.5,2.0,1.0,4,2,2,4.0,-1.0,paper_uncentered,grid5,1,4.0,7,"[0.0, 0.25, 0.5, 0.75, 1.0]",-9.969802299279644,-10.226492861192469,0.2566905619128246,-10.209584575173736,-10.041356056035863,98,1.2212453270876722e-15,4.0924738797627355e-14,0.0,True,2.220446049250313e-16,5.551115123125783e-17,-9.969802299279644,-9.969802299279644
0.5,2.0,1.0,4,2,2,4.0,-1.0,paper_uncentered,grid5,-1,4.0,7,"[0.0, 0.25, 0.5, 0.75, 1.0]",-10.212605414932874,-10.226492861192469,0.013887446259595038,-10.209584575173736,-10.041356056035863,98,8.881784197001252e-16,6.116251812528857e-14,0.0,True,0.0,0.0,-10.212605414932874,-10.212605414932874
0.5,2.0,1.0,4,2,2,4.0,-1.0,paper_uncentered,grid9,1,4.0,11,"[0.0, 0.125, 0.25, 0.375, 0.5, 0.625, 0.75, 0.875, 1.0]",-9.970976307019798,-10.226492861192469,0.2555165541726705,-10.209584575173736,-10.041356056035863,178,1.1102230246251565e-15,4.212642844395582e-13,0.0,True,2.220446049250313e-16,5.551115123125783e-17,-9.970976307019798,-9.970976307019798
0.5,2.0,1.0,4,2,2,4.0,-1.0,paper_uncentered,grid9,-1,4.0,11,"[0.0, 0.125, 0.25, 0.375, 0.5, 0.625, 0.75, 0.875, 1.0]",-10.213780519448587,-10.226492861192469,0.012712341743881694,-10.209584575173736,-10.041356056035863,178,8.881784197001252e-16,6.409262943737398e-13,0.0,True,0.0,1.1102230246251565e-16,-10.213780519448587,-10.213780519448587
0.5,2.4,1.0954451150103321,4,2,2,4.0,-1.0,paper_uncentered,fixed_two_states,1,4.0,2,"[0.0, 1.0]",-11.560495439927273,-12.65804240968778,1.0975469697605078,-12.644287477340535,-12.659613511812294,2,2.220446049250313e-16,1.804432034779153e-15,0.0,True,2.220446049250313e-16,1.1102230246251565e-16,-11.560495439927273,-11.560495439927273
0.5,2.4,1.0954451150103321,4,2,2,4.0,-1.0,paper_uncentered,fixed_two_states,-1,4.0,2,"[0.0, 1.0]",-11.56049543992727,-12.65804240968778,1.0975469697605114,-12.644287477340535,-12.659613511812294,2,2.220446049250313e-16,2.543498418208e-15,0.0,True,0.0,5.551115123125783e-17,-11.56049543992727,-11.56049543992727
0.5,2.4,1.0954451150103321,4,2,2,4.0,-1.0,paper_uncentered,original_projected,1,4.0,2,[],-12.644287477340546,-12.65804240968778,0.013754932347234572,-12.644287477340535,-12.659613511812294,30,3.3306690738754696e-16,1.5507426864456033e-14,0.0,True,1.1102230246251565e-16,5.551115123125783e-17,-12.644287477340546,-12.644287477340546
0.5,2.4,1.0954451150103321,4,2,2,4.0,-1.0,paper_uncentered,original_projected,-1,4.0,2,[],-12.64428731323016,-12.65804240968778,0.013755096457620297,-12.644287477340535,-12.659613511812294,30,1.5543122344752192e-15,2.0443427175280495e-14,0.0,True,0.0,1.1102230246251565e-16,-12.64428731323016,-12.64428731323016
0.5,2.4,1.0954451150103321,4,2,2,4.0,-1.0,paper_uncentered,endpoints,1,4.0,4,"[0.0, 1.0]",-12.644357148320397,-12.65804240968778,0.013685261367383461,-12.644287477340535,-12.659613511812294,58,4.440892098500626e-16,6.673036679401332e-14,0.0,True,1.1102230246251565e-16,1.1102230246251565e-16,-12.644357148320397,-12.644357148320397
0.5,2.4,1.0954451150103321,4,2,2,4.0,-1.0,paper_uncentered,endpoints,-1,4.0,4,"[0.0, 1.0]",-12.644356984372369,-12.65804240968778,0.013685425315411948,-12.644287477340535,-12.659613511812294,58,3.3306690738754696e-16,4.3534458346266566e-14,0.0,True,1.1102230246251565e-16,5.551115123125783e-17,-12.644356984372369,-12.644356984372369
0.5,2.4,1.0954451150103321,4,2,2,4.0,-1.0,paper_uncentered,grid3,1,4.0,5,"[0.0, 0.5, 1.0]",-12.645668529892461,-12.65804240968778,0.012373879795319453,-12.644287477340535,-12.659613511812294,78,1.1102230246251565e-16,7.128915903402683e-14,0.0,True,1.1102230246251565e-16,1.1102230246251565e-16,-12.645668529892461,-12.645668529892461
0.5,2.4,1.0954451150103321,4,2,2,4.0,-1.0,paper_uncentered,grid3,-1,4.0,5,"[0.0, 0.5, 1.0]",-12.645668421909336,-12.65804240968778,0.012373987778444118,-12.644287477340535,-12.659613511812294,78,0.0,6.474465939209212e-14,0.0,True,1.1102230246251565e-16,1.1102230246251565e-16,-12.645668421909336,-12.645668421909336
0.5,2.4,1.0954451150103321,4,2,2,4.0,-1.0,paper_uncentered,grid5,1,4.0,7,"[0.0, 0.25, 0.5, 0.75, 1.0]",-12.645870530020911,-12.65804240968778,0.0121718796668695,-12.644287477340535,-12.659613511812294,118,4.440892098500626e-16,4.721655936499659e-14,0.0,True,0.0,1.1102230246251565e-16,-12.645870530020911,-12.645870530020911
0.5,2.4,1.0954451150103321,4,2,2,4.0,-1.0,paper_uncentered,grid5,-1,4.0,7,"[0.0, 0.25, 0.5, 0.75, 1.0]",-12.64586932941665,-12.65804240968778,0.012173080271130843,-12.644287477340535,-12.659613511812294,118,1.3322676295501878e-15,4.057570505752565e-14,0.0,True,0.0,5.551115123125783e-17,-12.64586932941665,-12.64586932941665
0.5,2.4,1.0954451150103321,4,2,2,4.0,-1.0,paper_uncentered,grid9,1,4.0,11,"[0.0, 0.125, 0.25, 0.375, 0.5, 0.625, 0.75, 0.875, 1.0]",-12.646795002412127,-12.65804240968778,0.011247407275654098,-12.644287477340535,-12.659613511812294,198,1.2212453270876722e-15,2.3083356881187777e-13,0.0,True,1.1102230246251565e-16,5.551115123125783e-17,-12.646795002412127,-12.646795002412127
0.5,2.4,1.0954451150103321,4,2,2,4.0,-1.0,paper_uncentered,grid9,-1,4.0,11,"[0.0, 0.125, 0.25, 0.375, 0.5, 0.625, 0.75, 0.875, 1.0]",-12.64679512210014,-12.65804240968778,0.011247287587639931,-12.644287477340535,-12.659613511812294,198,8.881784197001252e-16,2.5192236645843476e-13,0.0,True,2.220446049250313e-16,1.6653345369377348e-16,-12.64679512210014,-12.64679512210014
0.5,2.8,1.1832159566199232,4,2,2,4.0,-1.0,paper_uncentered,fixed_two_states,1,4.0,2,"[0.0, 1.0]",-14.516876813609688,-15.532140759146177,1.0152639455364891,-15.527651753489538,-15.533014937611894,2,3.3306690738754696e-16,2.604060800830333e-15,0.0,True,1.1102230246251565e-16,1.1102230246251565e-16,-14.516876813609688,-14.516876813609688
0.5,2.8,1.1832159566199232,4,2,2,4.0,-1.0,paper_uncentered,fixed_two_states,-1,4.0,2,"[0.0, 1.0]",-14.516876813609692,-15.532140759146177,1.0152639455364856,-15.527651753489538,-15.533014937611894,2,0.0,1.0263195956765062e-15,0.0,True,0.0,1.1102230246251565e-16,-14.516876813609692,-14.516876813609692
0.5,2.8,1.1832159566199232,4,2,2,4.0,-1.0,paper_uncentered,original_projected,1,4.0,2,[],-15.527651753489524,-15.532140759146177,0.004489005656653333,-15.527651753489538,-15.533014937611894,30,1.1102230246251565e-16,2.194776038115708e-13,0.0,True,1.1102230246251565e-16,1.1102230246251565e-16,-15.527651753489524,-15.527651753489524
0.5,2.8,1.1832159566199232,4,2,2,4.0,-1.0,paper_uncentered,original_projected,-1,4.0,2,[],-15.527651752800182,-15.532140759146177,0.00448900634599525,-15.527651753489538,-15.533014937611894,30,2.4424906541753444e-15,1.2774886775769875e-13,0.0,True,0.0,1.1102230246251565e-16,-15.527651752800182,-15.527651752800182
0.5,2.8,1.1832159566199232,4,2,2,4.0,-1.0,paper_uncentered,endpoints,1,4.0,4,"[0.0, 1.0]",-15.527780157662392,-15.532140759146177,0.004360601483785587,-15.527651753489538,-15.533014937611894,58,1.1102230246251565e-15,2.4938123106545345e-14,0.0,True,0.0,0.0,-15.527780157662392,-15.527780157662392
0.5,2.8,1.1832159566199232,4,2,2,4.0,-1.0,paper_uncentered,endpoints,-1,4.0,4,"[0.0, 1.0]",-15.527780157495702,-15.532140759146177,0.00436060165047536,-15.527651753489538,-15.533014937611894,58,1.3322676295501878e-15,3.284108068741239e-14,0.0,True,2.220446049250313e-16,1.1102230246251565e-16,-15.527780157495702,-15.527780157495702
0.5,2.8,1.1832159566199232,4,2,2,4.0,-1.0,paper_uncentered,grid3,1,4.0,5,"[0.0, 0.5, 1.0]",-15.528490729104945,-15.532140759146177,0.0036500300412320996,-15.527651753489538,-15.533014937611894,78,5.551115123125783e-16,1.2640263583894275e-13,0.0,True,0.0,1.1102230246251565e-16,-15.528490729104945,-15.528490729104945
0.5,2.8,1.1832159566199232,4,2,2,4.0,-1.0,paper_uncentered,grid3,-1,4.0,5,"[0.0, 0.5, 1.0]",-15.528490720391778,-15.532140759146177,0.0036500387543991764,-15.527651753489538,-15.533014937611894,78,5.551115123125783e-16,8.786779364035242e-14,0.0,True,0.0,5.551115123125783e-17,-15.528490720391778,-15.528490720391778
0.5,2.8,1.1832159566199232,4,2,2,4.0,-1.0,paper_uncentered,grid5,1,4.0,7,"[0.0, 0.25, 0.5, 0.75, 1.0]",-15.528587349449053,-15.532140759146177,0.0035534096971243656,-15.527651753489538,-15.533014937611894,118,4.440892098500626e-16,4.5154079068945004e-14,0.0,True,4.440892098500626e-16,1.1102230246251565e-16,-15.528587349449053,-15.528587349449053
0.5,2.8,1.1832159566199232,4,2,2,4.0,-1.0,paper_uncentered,grid5,-1,4.0,7,"[0.0, 0.25, 0.5, 0.75, 1.0]",-15.528587052252602,-15.532140759146177,0.003553706893574926,-15.527651753489538,-15.533014937611894,118,1.2212453270876722e-15,4.6892487128894403e-14,0.0,True,1.1102230246251565e-16,5.551115123125783e-17,-15.528587052252602,-15.528587052252602
0.5,2.8,1.1832159566199232,4,2,2,4.0,-1.0,paper_uncentered,grid9,1,4.0,11,"[0.0, 0.125, 0.25, 0.375, 0.5, 0.625, 0.75, 0.875, 1.0]",-15.528778813968795,-15.532140759146177,0.0033619451773816422,-15.527651753489538,-15.533014937611894,198,8.881784197001252e-16,3.04871061545452e-13,0.0,True,0.0,1.1102230246251565e-16,-15.528778813968795,-15.528778813968795
0.5,2.8,1.1832159566199232,4,2,2,4.0,-1.0,paper_uncentered,grid9,-1,4.0,11,"[0.0, 0.125, 0.25, 0.375, 0.5, 0.625, 0.75, 0.875, 1.0]",-15.528778814021694,-15.532140759146177,0.003361945124483512,-15.527651753489538,-15.533014937611894,198,4.440892098500626e-16,2.3472772218839366e-13,0.0,True,4.440892098500626e-16,1.1102230246251565e-16,-15.528778814021694,-15.528778814021694
0.5,3.2,1.2649110640673518,4,2,2,4.0,-1.0,paper_uncentered,fixed_two_states,1,4.0,2,"[0.0, 1.0]",-18.109547104681255,-18.524825858605368,0.4152787539241132,-18.52292802939743,-18.525173242657306,2,0.0,3.2313205628425886e-15,0.0,True,0.0,1.1102230246251565e-16,-18.109547104681255,-18.109547104681255
0.5,3.2,1.2649110640673518,4,2,2,4.0,-1.0,paper_uncentered,fixed_two_states,-1,4.0,2,"[0.0, 1.0]",-18.109547104681262,-18.524825858605368,0.41527875392410607,-18.52292802939743,-18.525173242657306,2,0.0,5.052656108422858e-15,0.0,True,0.0,1.1102230246251565e-16,-18.109547104681262,-18.109547104681262
0.5,3.2,1.2649110640673518,4,2,2,4.0,-1.0,paper_uncentered,original_projected,1,4.0,2,[],-18.522928029397423,-18.524825858605368,0.001897829207944568,-18.52292802939743,-18.525173242657306,30,4.440892098500626e-16,6.641354597748056e-14,0.0,True,0.0,5.551115123125783e-17,-18.522928029397423,-18.522928029397423
0.5,3.2,1.2649110640673518,4,2,2,4.0,-1.0,paper_uncentered,original_projected,-1,4.0,2,[],-18.522928029392396,-18.524825858605368,0.0018978292129716579,-18.52292802939743,-18.525173242657306,30,2.886579864025407e-15,4.794705886104355e-14,0.0,True,0.0,1.1102230246251565e-16,-18.522928029392396,-18.522928029392396
0.5,3.2,1.2649110640673518,4,2,2,4.0,-1.0,paper_uncentered,endpoints,1,4.0,4,"[0.0, 1.0]",-18.52301212177275,-18.524825858605368,0.0018137368326165415,-18.52292802939743,-18.525173242657306,58,6.661338147750939e-16,4.611982781463851e-14,0.0,True,0.0,1.1102230246251565e-16,-18.52301212177275,-18.52301212177275
0.5,3.2,1.2649110640673518,4,2,2,4.0,-1.0,paper_uncentered,endpoints,-1,4.0,4,"[0.0, 1.0]",-18.523012121776112,-18.524825858605368,0.0018137368292556744,-18.52292802939743,-18.525173242657306,58,4.440892098500626e-16,3.560327128941942e-14,0.0,True,1.1102230246251565e-16,1.1102230246251565e-16,-18.523012121776112,-18.523012121776112
0.5,3.2,1.2649110640673518,4,2,2,4.0,-1.0,paper_uncentered,grid3,1,4.0,5,"[0.0, 0.5, 1.0]",-18.523207115304434,-18.524825858605368,0.0016187433009342556,-18.52292802939743,-18.525173242657306,78,1.887379141862766e-15,3.5344197729196575e-13,0.0,True,1.1102230246251565e-16,0.0,-18.523207115304434,-18.523207115304434
0.5,3.2,1.2649110640673518,4,2,2,4.0,-1.0,paper_uncentered,grid3,-1,4.0,5,"[0.0, 0.5, 1.0]",-18.523207113142455,-18.524825858605368,0.0016187454629132958,-18.52292802939743,-18.525173242657306,78,2.220446049250313e-16,3.520871176680479e-13,0.0,True,0.0,1.1102230246251565e-16,-18.523207113142455,-18.523207113142455
0.5,3.2,1.2649110640673518,4,2,2,4.0,-1.0,paper_uncentered,grid5,1,4.0,7,"[0.0, 0.25, 0.5, 0.75, 1.0]",-18.52328106516053,-18.524825858605368,0.0015447934448395984,-18.52292802939743,-18.525173242657306,118,0.0,8.869359540396726e-14,0.0,True,0.0,1.1102230246251565e-16,-18.52328106516053,-18.52328106516053
0.5,3.2,1.2649110640673518,4,2,2,4.0,-1.0,paper_uncentered,grid5,-1,4.0,7,"[0.0, 0.25, 0.5, 0.75, 1.0]",-18.523281028640348,-18.524825858605368,0.0015448299650202557,-18.52292802939743,-18.525173242657306,118,6.661338147750939e-16,1.654340946991729e-13,0.0,True,2.220446049250313e-16,1.1102230246251565e-16,-18.523281028640348,-18.523281028640348
0.5,3.2,1.2649110640673518,4,2,2,4.0,-1.0,paper_uncentered,grid9,1,4.0,11,"[0.0, 0.125, 0.25, 0.375, 0.5, 0.625, 0.75, 0.875, 1.0]",-18.523576482613183,-18.524825858605368,0.0012493759921845538,-18.52292802939743,-18.525173242657306,198,0.0,5.648073552150101e-13,0.0,True,0.0,0.0,-18.523576482613183,-18.523576482613183
0.5,3.2,1.2649110640673518,4,2,2,4.0,-1.0,paper_uncentered,grid9,-1,4.0,11,"[0.0, 0.125, 0.25, 0.375, 0.5, 0.625, 0.75, 0.875, 1.0]",-18.523576482228773,-18.524825858605368,0.0012493763765952792,-18.52292802939743,-18.525173242657306,198,1.7763568394002505e-15,3.1408279532904115e-13,0.0,True,1.1102230246251565e-16,1.1102230246251565e-16,-18.523576482228773,-18.523576482228773
0.5,3.6,1.3416407864998738,4,2,2,4.0,-1.0,paper_uncentered,fixed_two_states,1,4.0,2,"[0.0, 1.0]",-21.483856813532338,-21.58142556320903,0.09756874967669305,-21.58047907169502,-21.5815686346212,2,3.3306690738754696e-16,5.559135562559467e-15,0.0,True,1.1102230246251565e-16,1.1102230246251565e-16,-21.483856813532338,-21.483856813532338
0.5,3.6,1.3416407864998738,4,2,2,4.0,-1.0,paper_uncentered,fixed_two_states,-1,4.0,2,"[0.0, 1.0]",-21.483856813532334,-21.58142556320903,0.0975687496766966,-21.58047907169502,-21.5815686346212,2,0.0,9.148353028200418e-16,0.0,True,0.0,1.1102230246251565e-16,-21.483856813532334,-21.483856813532334
0.5,3.6,1.3416407864998738,4,2,2,4.0,-1.0,paper_uncentered,original_projected,1,4.0,2,[],-21.58047907169502,-21.58142556320903,0.0009464915140107166,-21.58047907169502,-21.5815686346212,30,1.5543122344752192e-15,1.6109328286862492e-13,0.0,True,0.0,5.551115123125783e-17,-21.58047907169502,-21.58047907169502
0.5,3.6,1.3416407864998738,4,2,2,4.0,-1.0,paper_uncentered,original_projected,-1,4.0,2,[],-21.58047907169496,-21.58142556320903,0.0009464915140711128,-21.58047907169502,-21.5815686346212,30,3.552713678800501e-15,1.7308120055629756e-13,0.0,True,0.0,5.551115123125783e-17,-21.58047907169496,-21.58047907169496
0.5,3.6,1.3416407864998738,4,2,2,4.0,-1.0,paper_uncentered,endpoints,1,4.0,4,"[0.0, 1.0]",-21.580500715496424,-21.58142556320903,0.0009248477126071464,-21.58047907169502,-21.5815686346212,58,3.3306690738754696e-16,1.156375727975424e-13,0.0,True,0.0,0.0,-21.580500715496424,-21.580500715496424
0.5,3.6,1.3416407864998738,4,2,2,4.0,-1.0,paper_uncentered,endpoints,-1,4.0,4,"[0.0, 1.0]",-21.5805007154965,-21.58142556320903,0.0009248477125325394,-21.58047907169502,-21.5815686346212,58,7.771561172376096e-16,9.857267025735492e-14,0.0,True,0.0,0.0,-21.5805007154965,-21.5805007154965
0.5,3.6,1.3416407864998738,4,2,2,4.0,-1.0,paper_uncentered,grid3,1,4.0,5,"[0.0, 0.5, 1.0]",-21.580543367134286,-21.58142556320903,0.0008821960747447122,-21.58047907169502,-21.5815686346212,78,2.4424906541753444e-15,7.574706610053871e-14,0.0,True,0.0,1.1102230246251565e-16,-21.580543367134286,-21.580543367134286
0.5,3.6,1.3416407864998738,4,2,2,4.0,-1.0,paper_uncentered,grid3,-1,4.0,5,"[0.0, 0.5, 1.0]",-21.580543366925614,-21.58142556320903,0.0008821962834169028,-21.58047907169502,-21.5815686346212,78,1.1102230246251565e-15,6.82767005158827e-14,0.0,True,2.220446049250313e-16,0.0,-21.580543366925614,-21.580543366925614
0.5,3.6,1.3416407864998738,4,2,2,4.0,-1.0,paper_uncentered,grid5,1,4.0,7,"[0.0, 0.25, 0.5, 0.75, 1.0]",-21.5807474786031,-21.58142556320903,0.0006780846059299961,-21.58047907169502,-21.5815686346212,118,0.0,1.442389153184353e-13,0.0,True,0.0,0.0,-21.5807474786031,-21.5807474786031
0.5,3.6,1.3416407864998738,4,2,2,4.0,-1.0,paper_uncentered,grid5,-1,4.0,7,"[0.0, 0.25, 0.5, 0.75, 1.0]",-21.580747476569716,-21.58142556320903,0.000678086639315012,-21.58047907169502,-21.5815686346212,118,7.771561172376096e-16,1.1485422581435742e-13,0.0,True,0.0,1.1102230246251565e-16,-21.580747476569716,-21.580747476569716
0.5,3.6,1.3416407864998738,4,2,2,4.0,-1.0,paper_uncentered,grid9,1,4.0,11,"[0.0, 0.125, 0.25, 0.375, 0.5, 0.625, 0.75, 0.875, 1.0]",-21.580901445635035,-21.58142556320903,0.0005241175739953974,-21.58047907169502,-21.5815686346212,198,1.6653345369377348e-15,6.064412428453159e-13,0.0,True,1.1102230246251565e-16,5.551115123125783e-17,-21.580901445635035,-21.580901445635035
0.5,3.6,1.3416407864998738,4,2,2,4.0,-1.0,paper_uncentered,grid9,-1,4.0,11,"[0.0, 0.125, 0.25, 0.375, 0.5, 0.625, 0.75, 0.875, 1.0]",-21.580901444481675,-21.58142556320903,0.0005241187273554715,-21.58047907169502,-21.5815686346212,198,1.7763568394002505e-15,7.196575626026748e-13,0.0,True,0.0,0.0,-21.580901444481675,-21.580901444481675
0.5,4.0,1.4142135623730951,4,2,2,4.0,-1.0,paper_uncentered,fixed_two_states,1,4.0,2,"[0.0, 1.0]",-24.675364904860487,-24.676379084041194,0.001014179180707231,-24.6758500789143,-24.67644242741536,2,2.220446049250313e-16,5.0688493432417194e-15,0.0,True,0.0,1.1102230246251565e-16,-24.675364904860487,-24.675364904860487
0.5,4.0,1.4142135623730951,4,2,2,4.0,-1.0,paper_uncentered,fixed_two_states,-1,4.0,2,"[0.0, 1.0]",-24.675364904860487,-24.676379084041194,0.001014179180707231,-24.6758500789143,-24.67644242741536,2,2.220446049250313e-16,5.0688493432417194e-15,0.0,True,0.0,1.1102230246251565e-16,-24.675364904860487,-24.675364904860487
0.5,4.0,1.4142135623730951,4,2,2,4.0,-1.0,paper_uncentered,original_projected,1,4.0,2,[],-24.675850078914294,-24.676379084041194,0.0005290051269000173,-24.6758500789143,-24.67644242741536,30,9.992007221626409e-16,1.2744403300517953e-13,0.0,True,1.1102230246251565e-16,1.1102230246251565e-16,-24.675850078914294,-24.675850078914294
0.5,4.0,1.4142135623730951,4,2,2,4.0,-1.0,paper_uncentered,original_projected,-1,4.0,2,[],-24.675850078914287,-24.676379084041194,0.0005290051269071228,-24.6758500789143,-24.67644242741536,30,0.0,9.234883360145583e-14,0.0,True,0.0,1.1102230246251565e-16,-24.675850078914287,-24.675850078914287
0.5,4.0,1.4142135623730951,4,2,2,4.0,-1.0,paper_uncentered,endpoints,1,4.0,4,"[0.0, 1.0]",-24.67585062653537,-24.676379084041194,0.0005284575058226437,-24.6758500789143,-24.67644242741536,66,6.661338147750939e-16,3.066285281541603e-13,0.0,True,0.0,0.0,-24.67585062653537,-24.67585062653537
0.5,4.0,1.4142135623730951,4,2,2,4.0,-1.0,paper_uncentered,endpoints,-1,4.0,4,"[0.0, 1.0]",-24.675850626535375,-24.676379084041194,0.000528457505819091,-24.6758500789143,-24.67644242741536,66,5.551115123125783e-16,3.395728972666888e-13,0.0,True,1.1102230246251565e-16,1.1102230246251565e-16,-24.675850626535375,-24.675850626535375
0.5,4.0,1.4142135623730951,4,2,2,4.0,-1.0,paper_uncentered,grid3,1,4.0,5,"[0.0, 0.5, 1.0]",-24.67591666804792,-24.676379084041194,0.0004624159932760108,-24.6758500789143,-24.67644242741536,102,6.661338147750939e-15,2.559360819178504e-11,0.0,True,2.220446049250313e-16,1.1102230246251565e-16,-24.67591666804792,-24.67591666804792
0.5,4.0,1.4142135623730951,4,2,2,4.0,-1.0,paper_uncentered,grid3,-1,4.0,5,"[0.0, 0.5, 1.0]",-24.67591666804792,-24.676379084041194,0.0004624159932760108,-24.6758500789143,-24.67644242741536,102,5.329070518200751e-15,2.868025309769795e-11,0.0,True,0.0,1.1102230246251565e-16,-24.67591666804792,-24.67591666804792
0.5,4.0,1.4142135623730951,4,2,2,4.0,-1.0,paper_uncentered,grid5,1,4.0,7,"[0.0, 0.25, 0.5, 0.75, 1.0]",-24.67599909833445,-24.676379084041194,0.00037998570674346865,-24.6758500789143,-24.67644242741536,170,2.625677453238495e-13,9.81260506478139e-09,2.8043637065877647e-06,False,6.661338147750939e-16,1.1102230246251565e-16,-24.675996293970744,-24.67599909833445
0.5,4.0,1.4142135623730951,4,2,2,4.0,-1.0,paper_uncentered,grid5,-1,4.0,7,"[0.0, 0.25, 0.5, 0.75, 1.0]",-24.675999098335822,-24.676379084041194,0.0003799857053721212,-24.6758500789143,-24.67644242741536,170,2.3092638912203256e-13,7.727061805384916e-09,2.8043650601716763e-06,False,9.992007221626409e-16,1.1102230246251565e-16,-24.675996293970762,-24.675999098335822
0.5,4.0,1.4142135623730951,4,2,2,4.0,-1.0,paper_uncentered,grid9,1,4.0,11,"[0.0, 0.125, 0.25, 0.375, 0.5, 0.625, 0.75, 0.875, 1.0]",-24.676080769678478,-24.676379084041194,0.00029831436271621214,-24.6758500789143,-24.67644242741536,298,1.0680345496894006e-13,9.997507643661617e-10,4.182409487185623e-06,False,3.552713678800501e-15,1.1102230246251565e-16,-24.67607658726899,-24.676080769678478
0.5,4.0,1.4142135623730951,4,2,2,4.0,-1.0,paper_uncentered,grid9,-1,4.0,11,"[0.0, 0.125, 0.25, 0.375, 0.5, 0.625, 0.75, 0.875, 1.0]",-24.67608076967947,-24.676379084041194,0.00029831436172500503,-24.6758500789143,-24.67644242741536,298,2.6201263381153694e-14,1.129267687484824e-09,4.182407586483805e-06,False,3.3306690738754696e-15,0.0,-24.676076587271883,-24.67608076967947
5.0,0.0,0.0,4,2,2,4.0,-1.0,paper_uncentered,fixed_two_states,1,4.0,2,"[0.0, 1.0]",-1.7632978285545864,-2.102748483462074,0.3394506549074876,-2.1027484834620735,-1.8302713958514714,2,2.220446049250313e-16,1.3071584836008229e-15,0.0,True,2.220446049250313e-16,1.1102230246251565e-16,-1.7632978285545864,-1.7632978285545864
5.0,0.0,0.0,4,2,2,4.0,-1.0,paper_uncentered,fixed_two_states,-1,4.0,2,"[0.0, 1.0]",-1.7632978285545864,-2.102748483462074,0.3394506549074876,-2.1027484834620735,-1.8302713958514714,2,2.220446049250313e-16,3.734961981108961e-15,0.0,True,0.0,0.0,-1.7632978285545864,-1.7632978285545864
5.0,0.0,0.0,4,2,2,4.0,-1.0,paper_uncentered,original_projected,1,4.0,2,[],-1.8064238518231064,-2.102748483462074,0.2963246316389676,-2.1027484834620735,-1.8302713958514714,10,8.881784197001252e-16,1.8483904759267313e-15,0.0,True,1.1102230246251565e-16,1.1102230246251565e-16,-1.8064238518231064,-1.8064238518231064
5.0,0.0,0.0,4,2,2,4.0,-1.0,paper_uncentered,original_projected,-1,4.0,2,[],-2.102748483462077,-2.102748483462074,-3.1086244689504383e-15,-2.1027484834620735,-1.8302713958514714,10,1.1102230246251565e-15,5.053659819140823e-15,0.0,True,0.0,0.0,-2.102748483462077,-2.102748483462077
5.0,0.0,0.0,4,2,2,4.0,-1.0,paper_uncentered,endpoints,1,4.0,4,"[0.0, 1.0]",-1.806423851823106,-2.102748483462074,0.29632463163896805,-2.1027484834620735,-1.8302713958514714,30,6.661338147750939e-16,6.923194513594999e-15,0.0,True,2.220446049250313e-16,2.220446049250313e-16,-1.806423851823106,-1.806423851823106
5.0,0.0,0.0,4,2,2,4.0,-1.0,paper_uncentered,endpoints,-1,4.0,4,"[0.0, 1.0]",-2.1027484834620793,-2.102748483462074,-5.329070518200751e-15,-2.1027484834620735,-1.8302713958514714,30,8.881784197001252e-16,1.802289241578024e-14,0.0,True,2.220446049250313e-16,1.1102230246251565e-16,-2.1027484834620793,-2.1027484834620793
5.0,0.0,0.0,4,2,2,4.0,-1.0,paper_uncentered,grid3,1,4.0,5,"[0.0, 0.5, 1.0]",-1.8064238518231066,-2.102748483462074,0.2963246316389674,-2.1027484834620735,-1.8302713958514714,50,1.3322676295501878e-15,2.1075158203749624e-14,0.0,True,0.0,0.0,-1.8064238518231066,-1.8064238518231066
5.0,0.0,0.0,4,2,2,4.0,-1.0,paper_uncentered,grid3,-1,4.0,5,"[0.0, 0.5, 1.0]",-2.102748483462073,-2.102748483462074,8.881784197001252e-16,-2.1027484834620735,-1.8302713958514714,50,1.1102230246251565e-15,1.576476663512179e-14,0.0,True,2.220446049250313e-16,2.220446049250313e-16,-2.102748483462073,-2.102748483462073
5.0,0.0,0.0,4,2,2,4.0,-1.0,paper_uncentered,grid5,1,4.0,7,"[0.0, 0.25, 0.5, 0.75, 1.0]",-1.8064238518231233,-2.102748483462074,0.29632463163895073,-2.1027484834620735,-1.8302713958514714,90,8.881784197001252e-16,1.2230875405943899e-13,0.0,True,1.1102230246251565e-16,5.551115123125783e-17,-1.8064238518231233,-1.8064238518231233
5.0,0.0,0.0,4,2,2,4.0,-1.0,paper_uncentered,grid5,-1,4.0,7,"[0.0, 0.25, 0.5, 0.75, 1.0]",-2.1027484834620678,-2.102748483462074,6.217248937900877e-15,-2.1027484834620735,-1.8302713958514714,90,2.220446049250313e-16,1.2685983009545214e-13,0.0,True,0.0,1.6653345369377348e-16,-2.1027484834620678,-2.1027484834620678
5.0,0.0,0.0,4,2,2,4.0,-1.0,paper_uncentered,grid9,1,4.0,11,"[0.0, 0.125, 0.25, 0.375, 0.5, 0.625, 0.75, 0.875, 1.0]",-1.8064238518227898,-2.102748483462074,0.29632463163928424,-2.1027484834620735,-1.8302713958514714,161,1.2212453270876722e-15,2.748045762257783e-11,3.350231203569365e-10,True,1.1102230246251565e-16,1.1102230246251565e-16,-1.806423851488078,-1.806423851823101
5.0,0.0,0.0,4,2,2,4.0,-1.0,paper_uncentered,grid9,-1,4.0,11,"[0.0, 0.125, 0.25, 0.375, 0.5, 0.625, 0.75, 0.875, 1.0]",-2.102748483461756,-2.102748483462074,3.1796787425264483e-13,-2.1027484834620735,-1.8302713958514714,161,7.771561172376096e-16,1.85660261771351e-11,3.6253089419346907e-10,True,0.0,5.551115123125783e-17,-2.102748483099542,-2.102748483462073
5.0,0.4,1.4142135623730951,4,2,2,4.0,-1.0,paper_uncentered,fixed_two_states,1,4.0,2,"[0.0, 1.0]",-3.5187548537036166,-3.8208165388903703,0.3020616851867537,-3.820347355834281,-3.5944479038455377,2,2.220446049250313e-16,2.0326783383133286e-15,0.0,True,0.0,1.1102230246251565e-16,-3.5187548537036166,-3.5187548537036166
5.0,0.4,1.4142135623730951,4,2,2,4.0,-1.0,paper_uncentered,fixed_two_states,-1,4.0,2,"[0.0, 1.0]",-3.518754853703619,-3.8208165388903703,0.30206168518675147,-3.820347355834281,-3.5944479038455377,2,2.220446049250313e-16,1.7187170202053734e-15,0.0,True,0.0,1.1102230246251565e-16,-3.518754853703619,-3.518754853703619
5.0,0.4,1.4142135623730951,4,2,2,4.0,-1.0,paper_uncentered,original_projected,1,4.0,2,[],-3.561651744461002,-3.8208165388903703,0.25916479442936824,-3.820347355834281,-3.5944479038455377,18,3.552713678800501e-15,2.202491458372526e-13,0.0,True,2.220446049250313e-16,1.1102230246251565e-16,-3.561651744461002,-3.561651744461002
5.0,0.4,1.4142135623730951,4,2,2,4.0,-1.0,paper_uncentered,original_projected,-1,4.0,2,[],-3.820347355834296,-3.8208165388903703,0.00046918305607412947,-3.820347355834281,-3.5944479038455377,18,3.1086244689504383e-15,2.1541019605601127e-13,0.0,True,0.0,1.1102230246251565e-16,-3.820347355834296,-3.820347355834296
5.0,0.4,1.4142135623730951,4,2,2,4.0,-1.0,paper_uncentered,endpoints,1,4.0,4,"[0.0, 1.0]",-3.561669520580717,-3.8208165388903703,0.25914701830965337,-3.820347355834281,-3.5944479038455377,38,1.3322676295501878e-15,3.45333460720404e-14,0.0,True,0.0,1.1102230246251565e-16,-3.561669520580717,-3.561669520580717
5.0,0.4,1.4142135623730951,4,2,2,4.0,-1.0,paper_uncentered,endpoints,-1,4.0,4,"[0.0, 1.0]",-3.820360713313503,-3.8208165388903703,0.000455825576867408,-3.820347355834281,-3.5944479038455377,38,8.881784197001252e-16,2.4909441473412063e-14,0.0,True,0.0,1.1102230246251565e-16,-3.820360713313503,-3.820360713313503
5.0,0.4,1.4142135623730951,4,2,2,4.0,-1.0,paper_uncentered,grid3,1,4.0,5,"[0.0, 0.5, 1.0]",-3.5616919716345654,-3.8208165388903703,0.2591245672558049,-3.820347355834281,-3.5944479038455377,58,6.661338147750939e-16,3.168113567633252e-14,0.0,True,0.0,1.1102230246251565e-16,-3.5616919716345654,-3.5616919716345654
5.0,0.4,1.4142135623730951,4,2,2,4.0,-1.0,paper_uncentered,grid3,-1,4.0,5,"[0.0, 0.5, 1.0]",-3.820406799979721,-3.8208165388903703,0.00040973891064943757,-3.820347355834281,-3.5944479038455377,58,4.440892098500626e-16,2.7887698153972727e-14,0.0,True,0.0,1.1102230246251565e-16,-3.820406799979721,-3.820406799979721
5.0,0.4,1.4142135623730951,4,2,2,4.0,-1.0,paper_uncentered,grid5,1,4.0,7,"[0.0, 0.25, 0.5, 0.75, 1.0]",-3.5617606866906977,-3.8208165388903703,0.25905585219967264,-3.820347355834281,-3.5944479038455377,98,1.7763568394002505e-15,9.951422169296517e-13,0.0,True,2.220446049250313e-16,1.1102230246251565e-16,-3.5617606866906977,-3.5617606866906977
5.0,0.4,1.4142135623730951,4,2,2,4.0,-1.0,paper_uncentered,grid5,-1,4.0,7,"[0.0, 0.25, 0.5, 0.75, 1.0]",-3.820438356112117,-3.8208165388903703,0.00037818277825341085,-3.820347355834281,-3.5944479038455377,98,1.1102230246251565e-16,8.552633071959682e-13,0.0,True,1.1102230246251565e-16,5.551115123125783e-17,-3.820438356112117,-3.820438356112117
5.0,0.4,1.4142135623730951,4,2,2,4.0,-1.0,paper_uncentered,grid9,1,4.0,11,"[0.0, 0.125, 0.25, 0.375, 0.5, 0.625, 0.75, 0.875, 1.0]",-3.561777307328474,-3.8208165388903703,0.25903923156189634,-3.820347355834281,-3.5944479038455377,153,4.440892098500626e-16,8.645471083816118e-11,3.8318822337402025e-07,False,1.1102230246251565e-16,1.1102230246251565e-16,-3.5617769596370255,-3.561777342825249
5.0,0.4,1.4142135623730951,4,2,2,4.0,-1.0,paper_uncentered,grid9,-1,4.0,11,"[0.0, 0.125, 0.25, 0.375, 0.5, 0.625, 0.75, 0.875, 1.0]",-3.8204437692406326,-3.8208165388903703,0.0003727696497377586,-3.820347355834281,-3.5944479038455377,153,2.220446049250313e-16,1.254429565502558e-10,1.8907832988190876e-07,False,0.0,1.6653345369377348e-16,-3.820443592965574,-3.820443782043904
5.0,0.8,2.0,4,2,2,4.0,-1.0,paper_uncentered,fixed_two_states,1,4.0,2,"[0.0, 1.0]",-5.314595546499584,-5.563903885022497,0.2493083385229129,-5.561667914922781,-5.396506630803355,2,2.220446049250313e-16,1.884516486213914e-15,0.0,True,2.220446049250313e-16,0.0,-5.314595546499584,-5.314595546499584
5.0,0.8,2.0,4,2,2,4.0,-1.0,paper_uncentered,fixed_two_states,-1,4.0,2,"[0.0, 1.0]",-5.314595546499602,-5.563903885022497,0.24930833852289513,-5.561667914922781,-5.396506630803355,2,2.220446049250313e-16,1.8877492757246544e-15,0.0,True,0.0,0.0,-5.314595546499602,-5.314595546499602
5.0,0.8,2.0,4,2,2,4.0,-1.0,paper_uncentered,original_projected,1,4.0,2,[],-5.353654039394432,-5.563903885022497,0.2102498456280646,-5.561667914922781,-5.396506630803355,18,3.774758283725532e-15,4.7860347138467226e-14,0.0,True,0.0,0.0,-5.353654039394432,-5.353654039394432
5.0,0.8,2.0,4,2,2,4.0,-1.0,paper_uncentered,original_projected,-1,4.0,2,[],-5.56166791492279,-5.563903885022497,0.0022359700997069965,-5.561667914922781,-5.396506630803355,18,6.661338147750939e-16,4.19712709974612e-14,0.0,True,2.220446049250313e-16,1.1102230246251565e-16,-5.56166791492279,-5.56166791492279
5.0,0.8,2.0,4,2,2,4.0,-1.0,paper_uncentered,endpoints,1,4.0,4,"[0.0, 1.0]",-5.353805836484634,-5.563903885022497,0.21009804853786296,-5.561667914922781,-5.396506630803355,38,0.0,2.5836159433388037e-14,0.0,True,2.220446049250313e-16,2.220446049250313e-16,-5.353805836484634,-5.353805836484634
5.0,0.8,2.0,4,2,2,4.0,-1.0,paper_uncentered,endpoints,-1,4.0,4,"[0.0, 1.0]",-5.561793647670979,-5.563903885022497,0.0021102373515180517,-5.561667914922781,-5.396506630803355,38,1.9984014443252818e-15,2.604396084846049e-14,0.0,True,2.220446049250313e-16,0.0,-5.561793647670979,-5.561793647670979
5.0,0.8,2.0,4,2,2,4.0,-1.0,paper_uncentered,grid3,1,4.0,5,"[0.0, 0.5, 1.0]",-5.353854268657643,-5.563903885022497,0.21004961636485397,-5.561667914922781,-5.396506630803355,58,1.5543122344752192e-15,2.8396773085420564e-14,0.0,True,1.1102230246251565e-16,5.551115123125783e-17,-5.353854268657643,-5.353854268657643
5.0,0.8,2.0,4,2,2,4.0,-1.0,paper_uncentered,grid3,-1,4.0,5,"[0.0, 0.5, 1.0]",-5.562004041490888,-5.563903885022497,0.0018998435316088802,-5.561667914922781,-5.396506630803355,58,1.1102230246251565e-15,2.107505664005208e-14,0.0,True,2.220446049250313e-16,1.1102230246251565e-16,-5.562004041490888,-5.562004041490888
5.0,0.8,2.0,4,2,2,4.0,-1.0,paper_uncentered,grid5,1,4.0,7,"[0.0, 0.25, 0.5, 0.75, 1.0]",-5.354135842646456,-5.563903885022497,0.20976804237604085,-5.561667914922781,-5.396506630803355,98,2.220446049250313e-15,2.3232911436887975e-12,0.0,True,0.0,3.3306690738754696e-16,-5.354135842646456,-5.354135842646456
5.0,0.8,2.0,4,2,2,4.0,-1.0,paper_uncentered,grid5,-1,4.0,7,"[0.0, 0.25, 0.5, 0.75, 1.0]",-5.562214843065729,-5.563903885022497,0.0016890419567676673,-5.561667914922781,-5.396506630803355,98,4.440892098500626e-16,2.0477566713711726e-12,0.0,True,2.220446049250313e-16,2.220446049250313e-16,-5.562214843065729,-5.562214843065729
5.0,0.8,2.0,4,2,2,4.0,-1.0,paper_uncentered,grid9,1,4.0,11,"[0.0, 0.125, 0.25, 0.375, 0.5, 0.625, 0.75, 0.875, 1.0]",-5.354189035756853,-5.563903885022497,0.20971484926564354,-5.561667914922781,-5.396506630803355,139,5.662137425588298e-15,1.0299150826220497e-09,8.072936125813612e-06,False,1.1102230246251565e-16,1.1102230246251565e-16,-5.3541817962602085,-5.354189869196334
5.0,0.8,2.0,4,2,2,4.0,-1.0,paper_uncentered,grid9,-1,4.0,11,"[0.0, 0.125, 0.25, 0.375, 0.5, 0.625, 0.75, 0.875, 1.0]",-5.562242954771341,-5.563903885022497,0.0016609302511563229,-5.561667914922781,-5.396506630803355,139,1.609823385706477e-14,8.5433710929526e-10,4.1872552625221715e-06,False,0.0,3.885780586188048e-16,-5.562239182379949,-5.562243369635212
5.0,1.2,2.449489742783178,4,2,2,4.0,-1.0,paper_uncentered,fixed_two_states,1,4.0,2,"[0.0, 1.0]",-7.162385302273989,-7.34254382001493,0.18015851774094038,-7.336223734341352,-7.2417963825113,2,0.0,3.3275735123359356e-16,0.0,True,0.0,0.0,-7.162385302273989,-7.162385302273989
5.0,1.2,2.449489742783178,4,2,2,4.0,-1.0,paper_uncentered,fixed_two_states,-1,4.0,2,"[0.0, 1.0]",-7.162385302273999,-7.34254382001493,0.1801585177409306,-7.336223734341352,-7.2417963825113,2,2.220446049250313e-16,8.336767809817262e-16,0.0,True,0.0,5.551115123125783e-17,-7.162385302273999,-7.162385302273999
5.0,1.2,2.449489742783178,4,2,2,4.0,-1.0,paper_uncentered,original_projected,1,4.0,2,[],-7.19294251233651,-7.34254382001493,0.14960130767842017,-7.336223734341352,-7.2417963825113,18,1.5543122344752192e-15,3.5921411556095257e-14,0.0,True,0.0,0.0,-7.19294251233651,-7.19294251233651
5.0,1.2,2.449489742783178,4,2,2,4.0,-1.0,paper_uncentered,original_projected,-1,4.0,2,[],-7.336223734341366,-7.34254382001493,0.006320085673563902,-7.336223734341352,-7.2417963825113,18,1.7763568394002505e-15,4.1018638443171515e-14,0.0,True,0.0,1.1102230246251565e-16,-7.336223734341366,-7.336223734341366
5.0,1.2,2.449489742783178,4,2,2,4.0,-1.0,paper_uncentered,endpoints,1,4.0,4,"[0.0, 1.0]",-7.193560291799608,-7.34254382001493,0.14898352821532157,-7.336223734341352,-7.2417963825113,38,9.992007221626409e-16,3.881617408333747e-14,0.0,True,0.0,1.1102230246251565e-16,-7.193560291799608,-7.193560291799608
5.0,1.2,2.449489742783178,4,2,2,4.0,-1.0,paper_uncentered,endpoints,-1,4.0,4,"[0.0, 1.0]",-7.336777055103391,-7.34254382001493,0.005766764911538935,-7.336223734341352,-7.2417963825113,38,3.1086244689504383e-15,1.9875406500570955e-14,0.0,True,0.0,1.1102230246251565e-16,-7.336777055103391,-7.336777055103391
5.0,1.2,2.449489742783178,4,2,2,4.0,-1.0,paper_uncentered,grid3,1,4.0,5,"[0.0, 0.5, 1.0]",-7.193645207993386,-7.34254382001493,0.14889861202154364,-7.336223734341352,-7.2417963825113,58,8.881784197001252e-16,4.1293829443439495e-14,0.0,True,2.220446049250313e-16,0.0,-7.193645207993386,-7.193645207993386
5.0,1.2,2.449489742783178,4,2,2,4.0,-1.0,paper_uncentered,grid3,-1,4.0,5,"[0.0, 0.5, 1.0]",-7.337316346973239,-7.34254382001493,0.0052274730416908,-7.336223734341352,-7.2417963825113,58,4.440892098500626e-16,4.4863837020975364e-14,0.0,True,1.1102230246251565e-16,1.1102230246251565e-16,-7.337316346973239,-7.337316346973239
5.0,1.2,2.449489742783178,4,2,2,4.0,-1.0,paper_uncentered,grid5,1,4.0,7,"[0.0, 0.25, 0.5, 0.75, 1.0]",-7.1945659487069555,-7.34254382001493,0.14797787130797424,-7.336223734341352,-7.2417963825113,98,2.220446049250313e-15,2.0260101705691023e-12,0.0,True,1.1102230246251565e-16,1.1102230246251565e-16,-7.1945659487069555,-7.1945659487069555
5.0,1.2,2.449489742783178,4,2,2,4.0,-1.0,paper_uncentered,grid5,-1,4.0,7,"[0.0, 0.25, 0.5, 0.75, 1.0]",-7.33807341190874,-7.34254382001493,0.004470408106190149,-7.336223734341352,-7.2417963825113,98,8.881784197001252e-16,1.9260130192520854e-12,0.0,True,0.0,1.1102230246251565e-16,-7.33807341190874,-7.33807341190874
5.0,1.2,2.449489742783178,4,2,2,4.0,-1.0,paper_uncentered,grid9,1,4.0,11,"[0.0, 0.125, 0.25, 0.375, 0.5, 0.625, 0.75, 0.875, 1.0]",-7.194681018818812,-7.34254382001493,0.1478628011961174,-7.336223734341352,-7.2417963825113,138,8.981704269217516e-14,3.656384557305209e-09,1.5804260820928562e-05,False,2.220446049250313e-16,2.7755575615628914e-16,-7.194666847016645,-7.194682651277466
5.0,1.2,2.449489742783178,4,2,2,4.0,-1.0,paper_uncentered,grid9,-1,4.0,11,"[0.0, 0.125, 0.25, 0.375, 0.5, 0.625, 0.75, 0.875, 1.0]",-7.338148109406942,-7.34254382001493,0.004395710607988157,-7.336223734341352,-7.2417963825113,138,1.4654943925052066e-14,1.6060633376205367e-09,9.885336353043783e-06,False,4.440892098500626e-16,4.440892098500626e-16,-7.338139212076351,-7.338149097412704
5.0,1.6,2.8284271247461903,4,2,2,4.0,-1.0,paper_uncentered,fixed_two_states,1,4.0,2,"[0.0, 1.0]",-9.071326648817987,-9.174936282997294,0.10360963417930691,-9.159989402805415,-9.135069800911303,2,2.220446049250313e-16,1.6748207916799595e-15,0.0,True,0.0,5.551115123125783e-17,-9.071326648817987,-9.071326648817987
5.0,1.6,2.8284271247461903,4,2,2,4.0,-1.0,paper_uncentered,fixed_two_states,-1,4.0,2,"[0.0, 1.0]",-9.07132664881799,-9.174936282997294,0.10360963417930336,-9.159989402805415,-9.135069800911303,2,0.0,1.871077625322487e-15,0.0,True,0.0,0.0,-9.07132664881799,-9.07132664881799
5.0,1.6,2.8284271247461903,4,2,2,4.0,-1.0,paper_uncentered,original_projected,1,4.0,2,[],-9.090025524579957,-9.174936282997294,0.08491075841733675,-9.159989402805415,-9.135069800911303,18,0.0,5.943345048972855e-14,0.0,True,0.0,5.551115123125783e-17,-9.090025524579957,-9.090025524579957
5.0,1.6,2.8284271247461903,4,2,2,4.0,-1.0,paper_uncentered,original_projected,-1,4.0,2,[],-9.159989402805408,-9.174936282997294,0.014946880191885725,-9.159989402805415,-9.135069800911303,18,9.992007221626409e-16,5.837201335786181e-14,0.0,True,0.0,5.551115123125783e-17,-9.159989402805408,-9.159989402805408
5.0,1.6,2.8284271247461903,4,2,2,4.0,-1.0,paper_uncentered,endpoints,1,4.0,4,"[0.0, 1.0]",-9.091799305974407,-9.174936282997294,0.08313697702288714,-9.159989402805415,-9.135069800911303,38,1.3322676295501878e-15,2.0441443832642785e-14,0.0,True,0.0,0.0,-9.091799305974407,-9.091799305974407
5.0,1.6,2.8284271247461903,4,2,2,4.0,-1.0,paper_uncentered,endpoints,-1,4.0,4,"[0.0, 1.0]",-9.161700563810156,-9.174936282997294,0.013235719187138173,-9.159989402805415,-9.135069800911303,38,5.551115123125783e-16,1.376866863859842e-14,0.0,True,1.1102230246251565e-16,5.551115123125783e-17,-9.161700563810156,-9.161700563810156
5.0,1.6,2.8284271247461903,4,2,2,4.0,-1.0,paper_uncentered,grid3,1,4.0,5,"[0.0, 0.5, 1.0]",-9.092002311529884,-9.174936282997294,0.08293397146741022,-9.159989402805415,-9.135069800911303,58,8.881784197001252e-16,5.145904493190789e-14,0.0,True,1.1102230246251565e-16,1.1102230246251565e-16,-9.092002311529884,-9.092002311529884
5.0,1.6,2.8284271247461903,4,2,2,4.0,-1.0,paper_uncentered,grid3,-1,4.0,5,"[0.0, 0.5, 1.0]",-9.162702461174375,-9.174936282997294,0.01223382182291921,-9.159989402805415,-9.135069800911303,58,8.881784197001252e-16,6.211351571625601e-14,0.0,True,0.0,0.0,-9.162702461174375,-9.162702461174375
5.0,1.6,2.8284271247461903,4,2,2,4.0,-1.0,paper_uncentered,grid5,1,4.0,7,"[0.0, 0.25, 0.5, 0.75, 1.0]",-9.094202605417998,-9.174936282997294,0.08073367757929617,-9.159989402805415,-9.135069800911303,98,1.5765166949677223e-14,8.31612494393969e-11,0.0,True,0.0,2.220446049250313e-16,-9.094202605417998,-9.094202605417998
5.0,1.6,2.8284271247461903,4,2,2,4.0,-1.0,paper_uncentered,grid5,-1,4.0,7,"[0.0, 0.25, 0.5, 0.75, 1.0]",-9.164581913938322,-9.174936282997294,0.010354369058971358,-9.159989402805415,-9.135069800911303,98,1.787459069646502e-14,8.039723912547361e-11,0.0,True,0.0,1.6653345369377348e-16,-9.164581913938322,-9.164581913938322
5.0,1.6,2.8284271247461903,4,2,2,4.0,-1.0,paper_uncentered,grid9,1,4.0,11,"[0.0, 0.125, 0.25, 0.375, 0.5, 0.625, 0.75, 0.875, 1.0]",-9.0943957530834,-9.174936282997294,0.08054052991389327,-9.159989402805415,-9.135069800911303,138,3.2951419370874646e-13,1.2875368282064704e-08,2.668792082083371e-05,False,8.881784197001252e-16,1.609823385706477e-15,-9.094372011723486,-9.094398699644307
5.0,1.6,2.8284271247461903,4,2,2,4.0,-1.0,paper_uncentered,grid9,-1,4.0,11,"[0.0, 0.125, 0.25, 0.375, 0.5, 0.625, 0.75, 0.875, 1.0]",-9.16472906014128,-9.174936282997294,0.010207222856013942,-9.159989402805415,-9.135069800911303,138,7.105427357601002e-14,4.797400658154954e-09,1.9915345742305135e-05,False,8.881784197001252e-16,2.220446049250313e-16,-9.164711314629534,-9.164731229975276
5.0,2.0,3.1622776601683795,4,2,2,4.0,-1.0,paper_uncentered,fixed_two_states,1,4.0,2,"[0.0, 1.0]",-11.04384044314033,-11.096623035077718,0.052782591937388545,-11.070408665766939,-11.091737534601885,2,2.220446049250313e-16,6.566165283540863e-17,0.0,True,0.0,5.551115123125783e-17,-11.04384044314033,-11.04384044314033
5.0,2.0,3.1622776601683795,4,2,2,4.0,-1.0,paper_uncentered,fixed_two_states,-1,4.0,2,"[0.0, 1.0]",-11.043840443140331,-11.096623035077718,0.05278259193738677,-11.070408665766939,-11.091737534601885,2,2.220446049250313e-16,7.820053128200593e-16,0.0,True,0.0,1.1102230246251565e-16,-11.043840443140331,-11.043840443140331
5.0,2.0,3.1622776601683795,4,2,2,4.0,-1.0,paper_uncentered,original_projected,1,4.0,2,[],-11.058941973659591,-11.096623035077718,0.03768106141812666,-11.070408665766939,-11.091737534601885,30,1.2212453270876722e-15,8.631885440161354e-14,0.0,True,2.220446049250313e-16,5.551115123125783e-17,-11.058941973659591,-11.058941973659591
5.0,2.0,3.1622776601683795,4,2,2,4.0,-1.0,paper_uncentered,original_projected,-1,4.0,2,[],-11.070408665766948,-11.096623035077718,0.026214369310769925,-11.070408665766939,-11.091737534601885,30,1.1102230246251565e-16,8.812812821677558e-14,0.0,True,1.1102230246251565e-16,1.1102230246251565e-16,-11.070408665766948,-11.070408665766948
5.0,2.0,3.1622776601683795,4,2,2,4.0,-1.0,paper_uncentered,endpoints,1,4.0,4,"[0.0, 1.0]",-11.06291923047892,-11.096623035077718,0.033703804598797404,-11.070408665766939,-11.091737534601885,58,5.551115123125783e-16,1.0443331353950825e-12,0.0,True,2.220446049250313e-16,5.551115123125783e-17,-11.06291923047892,-11.06291923047892
5.0,2.0,3.1622776601683795,4,2,2,4.0,-1.0,paper_uncentered,endpoints,-1,4.0,4,"[0.0, 1.0]",-11.073019502787487,-11.096623035077718,0.023603532290231044,-11.070408665766939,-11.091737534601885,58,4.3298697960381105e-15,2.418509248414142e-13,0.0,True,1.1102230246251565e-16,5.551115123125783e-17,-11.073019502787487,-11.073019502787487
5.0,2.0,3.1622776601683795,4,2,2,4.0,-1.0,paper_uncentered,grid3,1,4.0,5,"[0.0, 0.5, 1.0]",-11.063178025711464,-11.096623035077718,0.03344500936625394,-11.070408665766939,-11.091737534601885,78,1.7763568394002505e-15,5.436859166630915e-12,0.0,True,0.0,0.0,-11.063178025711464,-11.063178025711464
5.0,2.0,3.1622776601683795,4,2,2,4.0,-1.0,paper_uncentered,grid3,-1,4.0,5,"[0.0, 0.5, 1.0]",-11.07309987689706,-11.096623035077718,0.023523158180656978,-11.070408665766939,-11.091737534601885,78,7.771561172376096e-16,1.396367113700903e-12,0.0,True,0.0,5.551115123125783e-17,-11.07309987689706,-11.07309987689706
5.0,2.0,3.1622776601683795,4,2,2,4.0,-1.0,paper_uncentered,grid5,1,4.0,7,"[0.0, 0.25, 0.5, 0.75, 1.0]",-11.06403069145135,-11.096623035077718,0.03259234362636754,-11.070408665766939,-11.091737534601885,118,1.1546319456101628e-14,3.464970891938191e-10,0.0,True,2.220446049250313e-16,1.1102230246251565e-16,-11.06403069145135,-11.06403069145135
5.0,2.0,3.1622776601683795,4,2,2,4.0,-1.0,paper_uncentered,grid5,-1,4.0,7,"[0.0, 0.25, 0.5, 0.75, 1.0]",-11.07314371192683,-11.096623035077718,0.02347932315088741,-11.070408665766939,-11.091737534601885,118,8.881784197001252e-16,7.259295795390225e-11,0.0,True,0.0,2.220446049250313e-16,-11.07314371192683,-11.07314371192683
5.0,2.0,3.1622776601683795,4,2,2,4.0,-1.0,paper_uncentered,grid9,1,4.0,11,"[0.0, 0.125, 0.25, 0.375, 0.5, 0.625, 0.75, 0.875, 1.0]",-11.064217805547289,-11.096623035077718,0.032405229530429125,-11.070408665766939,-11.091737534601885,158,2.4424906541753444e-15,1.358487558863334e-08,0.00014636818554158992,False,1.1102230246251565e-15,3.774758283725532e-15,-11.064081913636754,-11.064228281822295
5.0,2.0,3.1622776601683795,4,2,2,4.0,-1.0,paper_uncentered,grid9,-1,4.0,11,"[0.0, 0.125, 0.25, 0.375, 0.5, 0.625, 0.75, 0.875, 1.0]",-11.073155821061771,-11.096623035077718,0.023467214015946425,-11.070408665766939,-11.091737534601885,158,9.880984919163893e-15,3.035726574666327e-09,6.859608452813859e-06,False,2.220446049250313e-16,4.440892098500626e-16,-11.073149719329905,-11.073156578938358
5.0,2.4,3.4641016151377544,4,2,2,4.0,-1.0,paper_uncentered,fixed_two_states,1,4.0,2,"[0.0, 1.0]",-13.075248128618307,-13.598069602279995,0.5228214736616881,-13.541760471765384,-13.583206834539041,2,0.0,3.88468511377678e-15,0.0,True,0.0,5.551115123125783e-17,-13.075248128618307,-13.075248128618307
5.0,2.4,3.4641016151377544,4,2,2,4.0,-1.0,paper_uncentered,fixed_two_states,-1,4.0,2,"[0.0, 1.0]",-13.075248128368992,-13.598069602279995,0.5228214739110033,-13.541760471765384,-13.583206834539041,2,2.220446049250313e-16,3.2284378653003044e-15,0.0,True,2.220446049250313e-16,1.1102230246251565e-16,-13.075248128368992,-13.075248128368992
5.0,2.4,3.4641016151377544,4,2,2,4.0,-1.0,paper_uncentered,original_projected,1,4.0,2,[],-13.541760471765398,-13.598069602279995,0.05630913051459707,-13.541760471765384,-13.583206834539041,30,4.440892098500626e-16,7.680112185291306e-14,0.0,True,0.0,0.0,-13.541760471765398,-13.541760471765398
5.0,2.4,3.4641016151377544,4,2,2,4.0,-1.0,paper_uncentered,original_projected,-1,4.0,2,[],-13.535632905917524,-13.598069602279995,0.06243669636247162,-13.541760471765384,-13.583206834539041,30,2.220446049250313e-15,7.352968851301352e-14,0.0,True,0.0,5.551115123125783e-17,-13.535632905917524,-13.535632905917524
5.0,2.4,3.4641016151377544,4,2,2,4.0,-1.0,paper_uncentered,endpoints,1,4.0,4,"[0.0, 1.0]",-13.551497866584208,-13.598069602279995,0.0465717356957871,-13.541760471765384,-13.583206834539041,58,1.1102230246251565e-15,7.408267272365355e-13,0.0,True,1.1102230246251565e-16,5.551115123125783e-17,-13.551497866584208,-13.551497866584208
5.0,2.4,3.4641016151377544,4,2,2,4.0,-1.0,paper_uncentered,endpoints,-1,4.0,4,"[0.0, 1.0]",-13.543698950701437,-13.598069602279995,0.05437065157855869,-13.541760471765384,-13.583206834539041,58,6.661338147750939e-16,1.1172251004284837e-12,0.0,True,0.0,5.551115123125783e-17,-13.543698950701437,-13.543698950701437
5.0,2.4,3.4641016151377544,4,2,2,4.0,-1.0,paper_uncentered,grid3,1,4.0,5,"[0.0, 0.5, 1.0]",-13.553905122020373,-13.598069602279995,0.04416448025962261,-13.541760471765384,-13.583206834539041,78,2.6645352591003757e-15,1.016149090345227e-12,0.0,True,2.220446049250313e-16,0.0,-13.553905122020373,-13.553905122020373
5.0,2.4,3.4641016151377544,4,2,2,4.0,-1.0,paper_uncentered,grid3,-1,4.0,5,"[0.0, 0.5, 1.0]",-13.545629256377458,-13.598069602279995,0.052440345902537544,-13.541760471765384,-13.583206834539041,78,2.886579864025407e-15,1.1019713252694215e-12,0.0,True,4.440892098500626e-16,2.220446049250313e-16,-13.545629256377458,-13.545629256377458
5.0,2.4,3.4641016151377544,4,2,2,4.0,-1.0,paper_uncentered,grid5,1,4.0,7,"[0.0, 0.25, 0.5, 0.75, 1.0]",-13.564205125503337,-13.598069602279995,0.03386447677665849,-13.541760471765384,-13.583206834539041,118,2.098321516541546e-14,3.600376346906045e-11,0.0,True,7.771561172376096e-16,2.7755575615628914e-16,-13.564205125503337,-13.564205125503337
5.0,2.4,3.4641016151377544,4,2,2,4.0,-1.0,paper_uncentered,grid5,-1,4.0,7,"[0.0, 0.25, 0.5, 0.75, 1.0]",-13.55071212091275,-13.598069602279995,0.0473574813672446,-13.541760471765384,-13.583206834539041,118,1.0436096431476471e-14,2.6324740105046398e-11,0.0,True,8.881784197001252e-16,2.7755575615628914e-16,-13.55071212091275,-13.55071212091275
5.0,2.4,3.4641016151377544,4,2,2,4.0,-1.0,paper_uncentered,grid9,1,4.0,11,"[0.0, 0.125, 0.25, 0.375, 0.5, 0.625, 0.75, 0.875, 1.0]",-13.566536794680577,-13.598069602279995,0.03153280759941879,-13.541760471765384,-13.583206834539041,153,2.304822999121825e-13,5.243892467846196e-08,0.002427578860366708,False,6.217248937900877e-15,4.3298697960381105e-15,-13.564473097742576,-13.566900676602943
5.0,2.4,3.4641016151377544,4,2,2,4.0,-1.0,paper_uncentered,grid9,-1,4.0,11,"[0.0, 0.125, 0.25, 0.375, 0.5, 0.625, 0.75, 0.875, 1.0]",-13.55166873348086,-13.598069602279995,0.046400868799135964,-13.541760471765384,-13.583206834539041,153,5.765388166878438e-13,2.3652027804859092e-08,0.0008575569412521133,False,5.773159728050814e-15,5.662137425588298e-15,-13.550932554166367,-13.55179011110762
5.0,2.8,3.7416573867739413,4,2,2,4.0,-1.0,paper_uncentered,fixed_two_states,1,4.0,2,"[0.0, 1.0]",-16.14678885298165,-16.2524135875897,0.10562473460804966,-16.172745011817543,-16.20258267009877,2,6.661338147750939e-16,8.608025904226915e-15,0.0,True,2.220446049250313e-16,1.1102230246251565e-16,-16.14678885298165,-16.14678885298165
5.0,2.8,3.7416573867739413,4,2,2,4.0,-1.0,paper_uncentered,fixed_two_states,-1,4.0,2,"[0.0, 1.0]",-16.146787043568665,-16.2524135875897,0.10562654402103533,-16.172745011817543,-16.20258267009877,2,4.440892098500626e-16,5.278526650385995e-15,0.0,True,2.220446049250313e-16,1.1102230246251565e-16,-16.146787043568665,-16.146787043568665
5.0,2.8,3.7416573867739413,4,2,2,4.0,-1.0,paper_uncentered,original_projected,1,4.0,2,[],-16.17274501181752,-16.2524135875897,0.07966857577218178,-16.172745011817543,-16.20258267009877,30,9.992007221626409e-16,1.6122951963799925e-13,0.0,True,2.220446049250313e-16,5.551115123125783e-17,-16.17274501181752,-16.17274501181752
5.0,2.8,3.7416573867739413,4,2,2,4.0,-1.0,paper_uncentered,original_projected,-1,4.0,2,[],-16.15785140178258,-16.2524135875897,0.09456218580712061,-16.172745011817543,-16.20258267009877,30,5.551115123125783e-16,1.501675977633723e-13,0.0,True,2.220446049250313e-16,1.1102230246251565e-16,-16.15785140178258,-16.15785140178258
5.0,2.8,3.7416573867739413,4,2,2,4.0,-1.0,paper_uncentered,endpoints,1,4.0,4,"[0.0, 1.0]",-16.179367813530483,-16.2524135875897,0.0730457740592172,-16.172745011817543,-16.20258267009877,50,1.3322676295501878e-15,1.1719175055686646e-13,0.0,True,0.0,0.0,-16.179367813530483,-16.179367813530483
5.0,2.8,3.7416573867739413,4,2,2,4.0,-1.0,paper_uncentered,endpoints,-1,4.0,4,"[0.0, 1.0]",-16.16424317340378,-16.2524135875897,0.08817041418592098,-16.172745011817543,-16.20258267009877,50,1.2212453270876722e-15,1.2062797442306917e-13,0.0,True,2.220446049250313e-16,1.1102230246251565e-16,-16.16424317340378,-16.16424317340378
5.0,2.8,3.7416573867739413,4,2,2,4.0,-1.0,paper_uncentered,grid3,1,4.0,5,"[0.0, 0.5, 1.0]",-16.18385495000532,-16.2524135875897,0.06855863758438119,-16.172745011817543,-16.20258267009877,70,8.881784197001252e-16,1.5880012505580173e-12,0.0,True,2.220446049250313e-16,5.551115123125783e-17,-16.18385495000532,-16.18385495000532
5.0,2.8,3.7416573867739413,4,2,2,4.0,-1.0,paper_uncentered,grid3,-1,4.0,5,"[0.0, 0.5, 1.0]",-16.165900637371607,-16.2524135875897,0.08651295021809347,-16.172745011817543,-16.20258267009877,70,7.771561172376096e-16,2.011862447388007e-12,0.0,True,0.0,5.551115123125783e-17,-16.165900637371607,-16.165900637371607
5.0,2.8,3.7416573867739413,4,2,2,4.0,-1.0,paper_uncentered,grid5,1,4.0,7,"[0.0, 0.25, 0.5, 0.75, 1.0]",-16.18560729389696,-16.2524135875897,0.06680629369273916,-16.172745011817543,-16.20258267009877,110,1.1102230246251565e-12,1.7745366385506673e-08,0.0003117575288129615,False,9.103828801926284e-15,1.2212453270876722e-15,-16.185295536368148,-16.18560729389696
5.0,2.8,3.7416573867739413,4,2,2,4.0,-1.0,paper_uncentered,grid5,-1,4.0,7,"[0.0, 0.25, 0.5, 0.75, 1.0]",-16.166778238037953,-16.2524135875897,0.08563534955174745,-16.172745011817543,-16.20258267009877,110,2.5884849819135525e-12,2.9025043342231484e-08,0.000337533672364998,False,2.6201263381153694e-14,1.4988010832439613e-15,-16.166440704365588,-16.166778238037953
5.0,2.8,3.7416573867739413,4,2,2,4.0,-1.0,paper_uncentered,grid9,1,4.0,11,"[0.0, 0.125, 0.25, 0.375, 0.5, 0.625, 0.75, 0.875, 1.0]",-16.185596706794023,-16.2524135875897,0.06681688079567749,-16.172745011817543,-16.20258267009877,110,9.190426197847046e-13,1.3092603446473604e-08,0.000418784225121982,False,2.6201263381153694e-14,7.216449660063518e-16,-16.18536510300561,-16.18578388723073
5.0,2.8,3.7416573867739413,4,2,2,4.0,-1.0,paper_uncentered,grid9,-1,4.0,11,"[0.0, 0.125, 0.25, 0.375, 0.5, 0.625, 0.75, 0.875, 1.0]",-16.166764593020712,-16.2524135875897,0.085648994568988,-16.172745011817543,-16.20258267009877,110,2.270406085358445e-13,5.354273430095604e-09,0.0004141725384378958,False,1.354472090042691e-14,8.881784197001252e-16,-16.166543720718114,-16.16695789325655
5.0,3.2,4.0,4,2,2,4.0,-1.0,paper_uncentered,fixed_two_states,1,4.0,2,"[0.0, 1.0]",-18.768484234380978,-19.039227943310348,0.27074370892936983,-18.94671112339651,-18.973006316717587,2,2.220446049250313e-16,1.789541640940539e-15,0.0,True,2.220446049250313e-16,2.220446049250313e-16,-18.768484234380978,-18.768484234380978
5.0,3.2,4.0,4,2,2,4.0,-1.0,paper_uncentered,fixed_two_states,-1,4.0,2,"[0.0, 1.0]",-18.438439832702443,-19.039227943310348,0.6007881106079047,-18.94671112339651,-18.973006316717587,2,3.3306690738754696e-16,5.024295867788153e-15,0.0,True,0.0,1.1102230246251565e-16,-18.438439832702443,-18.438439832702443
5.0,3.2,4.0,4,2,2,4.0,-1.0,paper_uncentered,original_projected,1,4.0,2,[],-18.94671112339652,-19.039227943310348,0.0925168199138291,-18.94671112339651,-18.973006316717587,30,0.0,2.447022126881626e-13,0.0,True,0.0,5.551115123125783e-17,-18.94671112339652,-18.94671112339652
5.0,3.2,4.0,4,2,2,4.0,-1.0,paper_uncentered,original_projected,-1,4.0,2,[],-18.940143599870737,-19.039227943310348,0.09908434343961048,-18.94671112339651,-18.973006316717587,30,1.3322676295501878e-15,2.290742931367496e-13,0.0,True,0.0,2.220446049250313e-16,-18.940143599870737,-18.940143599870737
5.0,3.2,4.0,4,2,2,4.0,-1.0,paper_uncentered,endpoints,1,4.0,4,"[0.0, 1.0]",-19.027372097078896,-19.039227943310348,0.01185584623145175,-18.94671112339651,-18.973006316717587,86,1.3322676295501878e-15,6.882931271293381e-13,0.0,True,2.220446049250313e-16,1.1102230246251565e-16,-19.027372097078896,-19.027372097078896
5.0,3.2,4.0,4,2,2,4.0,-1.0,paper_uncentered,endpoints,-1,4.0,4,"[0.0, 1.0]",-18.955228998054512,-19.039227943310348,0.08399894525583562,-18.94671112339651,-18.973006316717587,86,1.1102230246251565e-15,7.259523147136421e-13,0.0,True,2.220446049250313e-16,1.1102230246251565e-16,-18.955228998054512,-18.955228998054512
5.0,3.2,4.0,4,2,2,4.0,-1.0,paper_uncentered,grid3,1,4.0,5,"[0.0, 0.5, 1.0]",-19.03027639369291,-19.039227943310348,0.00895154961743927,-18.94671112339651,-18.973006316717587,122,1.5543122344752192e-15,1.039034059715155e-12,0.0,True,3.3306690738754696e-16,1.1102230246251565e-16,-19.03027639369291,-19.03027639369291
5.0,3.2,4.0,4,2,2,4.0,-1.0,paper_uncentered,grid3,-1,4.0,5,"[0.0, 0.5, 1.0]",-18.96069461068831,-19.039227943310348,0.07853333262203677,-18.94671112339651,-18.973006316717587,122,1.5543122344752192e-15,1.050749772820452e-12,0.0,True,0.0,1.1102230246251565e-16,-18.96069461068831,-18.96069461068831
5.0,3.2,4.0,4,2,2,4.0,-1.0,paper_uncentered,grid5,1,4.0,7,"[0.0, 0.25, 0.5, 0.75, 1.0]",-19.034316921063542,-19.039227943310348,0.0049110222468051745,-18.94671112339651,-18.973006316717587,194,5.551115123125783e-16,2.0826133487280274e-11,4.860730413724923e-07,False,0.0,5.551115123125783e-17,-19.0343164349905,-19.034316921063542
5.0,3.2,4.0,4,2,2,4.0,-1.0,paper_uncentered,grid5,-1,4.0,7,"[0.0, 0.25, 0.5, 0.75, 1.0]",-18.96872698328881,-19.039227943310348,0.07050096002153694,-18.94671112339651,-18.973006316717587,194,2.6645352591003757e-15,6.147312252433132e-11,8.007436633761245e-07,False,4.440892098500626e-16,5.551115123125783e-17,-18.968726182545147,-18.96872698328881
5.0,3.2,4.0,4,2,2,4.0,-1.0,paper_uncentered,grid9,1,4.0,11,"[0.0, 0.125, 0.25, 0.375, 0.5, 0.625, 0.75, 0.875, 1.0]",-19.035602497652448,-19.039227943310348,0.003625445657899462,-18.94671112339651,-18.973006316717587,259,2.4202861936828413e-13,1.4839720428476245e-08,0.000556403151811935,False,3.219646771412954e-14,3.219646771412954e-15,-19.035184131983247,-19.03574053513506
5.0,3.2,4.0,4,2,2,4.0,-1.0,paper_uncentered,grid9,-1,4.0,11,"[0.0, 0.125, 0.25, 0.375, 0.5, 0.625, 0.75, 0.875, 1.0]",-18.970283271744936,-19.039227943310348,0.0689446715654114,-18.94671112339651,-18.973006316717587,259,1.0635936575909e-12,4.619637656387469e-08,0.000635916891788213,False,2.930988785010413e-14,9.547918011776346e-15,-18.969816856788693,-18.97045277368048
5.0,3.6,4.242640687119285,4,2,2,4.0,-1.0,paper_uncentered,fixed_two_states,1,4.0,2,"[0.0, 1.0]",-21.83601124136666,-21.93892442358019,0.10291318221353052,-21.86146340181789,-21.884074145671732,2,2.220446049250313e-16,8.017130919316902e-15,0.0,True,2.220446049250313e-16,1.1102230246251565e-16,-21.83601124136666,-21.83601124136666
5.0,3.6,4.242640687119285,4,2,2,4.0,-1.0,paper_uncentered,fixed_two_states,-1,4.0,2,"[0.0, 1.0]",-21.74452898955575,-21.93892442358019,0.1943954340244396,-21.86146340181789,-21.884074145671732,2,1.1102230246251565e-16,5.024295867788101e-15,0.0,True,0.0,5.551115123125783e-17,-21.74452898955575,-21.74452898955575
5.0,3.6,4.242640687119285,4,2,2,4.0,-1.0,paper_uncentered,original_projected,1,4.0,2,[],-21.861463401817847,-21.93892442358019,0.0774610217623426,-21.86146340181789,-21.884074145671732,30,1.887379141862766e-15,1.1986366240176854e-13,0.0,True,0.0,5.551115123125783e-17,-21.861463401817847,-21.861463401817847
5.0,3.6,4.242640687119285,4,2,2,4.0,-1.0,paper_uncentered,original_projected,-1,4.0,2,[],-21.8600303308571,-21.93892442358019,0.07889409272308967,-21.86146340181789,-21.884074145671732,30,2.3314683517128287e-15,1.137611654855554e-13,0.0,True,3.3306690738754696e-16,1.1102230246251565e-16,-21.8600303308571,-21.8600303308571
5.0,3.6,4.242640687119285,4,2,2,4.0,-1.0,paper_uncentered,endpoints,1,4.0,4,"[0.0, 1.0]",-21.93005052047244,-21.93892442358019,0.008873903107748049,-21.86146340181789,-21.884074145671732,86,1.1102230246251565e-15,7.940540988095322e-13,0.0,True,1.1102230246251565e-16,2.220446049250313e-16,-21.93005052047244,-21.93005052047244
5.0,3.6,4.242640687119285,4,2,2,4.0,-1.0,paper_uncentered,endpoints,-1,4.0,4,"[0.0, 1.0]",-21.87208606645178,-21.93892442358019,0.06683835712841102,-21.86146340181789,-21.884074145671732,86,2.3314683517128287e-15,9.744426310208111e-13,0.0,True,0.0,0.0,-21.87208606645178,-21.87208606645178
5.0,3.6,4.242640687119285,4,2,2,4.0,-1.0,paper_uncentered,grid3,1,4.0,5,"[0.0, 0.5, 1.0]",-21.930346515861462,-21.93892442358019,0.008577907718727573,-21.86146340181789,-21.884074145671732,122,6.661338147750939e-16,7.424823020779345e-12,0.0,True,2.220446049250313e-16,5.551115123125783e-17,-21.930346515861462,-21.930346515861462
5.0,3.6,4.242640687119285,4,2,2,4.0,-1.0,paper_uncentered,grid3,-1,4.0,5,"[0.0, 0.5, 1.0]",-21.875472378408713,-21.93892442358019,0.06345204517147707,-21.86146340181789,-21.884074145671732,122,1.3322676295501878e-15,1.1684556230303744e-11,0.0,True,2.220446049250313e-16,1.1102230246251565e-16,-21.875472378408713,-21.875472378408713
5.0,3.6,4.242640687119285,4,2,2,4.0,-1.0,paper_uncentered,grid5,1,4.0,7,"[0.0, 0.25, 0.5, 0.75, 1.0]",-21.93515863681261,-21.93892442358019,0.003765786767580437,-21.86146340181789,-21.884074145671732,194,1.5543122344752192e-15,4.072937582649339e-11,0.0,True,0.0,1.1102230246251565e-16,-21.93515863681261,-21.93515863681261
5.0,3.6,4.242640687119285,4,2,2,4.0,-1.0,paper_uncentered,grid5,-1,4.0,7,"[0.0, 0.25, 0.5, 0.75, 1.0]",-21.883096150297735,-21.93892442358019,0.05582827328245443,-21.86146340181789,-21.884074145671732,194,1.3322676295501878e-15,2.6941553663714192e-11,0.0,True,6.661338147750939e-16,5.551115123125783e-17,-21.883096150297735,-21.883096150297735
5.0,3.6,4.242640687119285,4,2,2,4.0,-1.0,paper_uncentered,grid9,1,4.0,11,"[0.0, 0.125, 0.25, 0.375, 0.5, 0.625, 0.75, 0.875, 1.0]",-21.93591722928335,-21.93892442358019,0.003007194296838378,-21.86146340181789,-21.884074145671732,267,3.042011087472929e-14,3.304596820726811e-08,0.00018698673732586713,False,3.552713678800501e-15,1.2212453270876722e-15,-21.93576056932037,-21.935947556057695
5.0,3.6,4.242640687119285,4,2,2,4.0,-1.0,paper_uncentered,grid9,-1,4.0,11,"[0.0, 0.125, 0.25, 0.375, 0.5, 0.625, 0.75, 0.875, 1.0]",-21.884081361959534,-21.93892442358019,0.05484306162065522,-21.86146340181789,-21.884074145671732,267,3.8191672047105385e-13,4.021766350716417e-08,0.0001783863527826668,False,4.440892098500626e-15,1.887379141862766e-15,-21.883942452822566,-21.88412083917535
5.0,4.0,4.47213595499958,4,2,2,4.0,-1.0,paper_uncentered,fixed_two_states,1,4.0,2,"[0.0, 1.0]",-24.911497494952535,-24.925942921721166,0.014445426768631364,-24.87328358502858,-24.88978591703657,2,0.0,5.222905462016067e-15,0.0,True,1.1102230246251565e-16,5.551115123125783e-17,-24.911497494952535,-24.911497494952535
5.0,4.0,4.47213595499958,4,2,2,4.0,-1.0,paper_uncentered,fixed_two_states,-1,4.0,2,"[0.0, 1.0]",-24.871505860978743,-24.925942921721166,0.054437060742422716,-24.87328358502858,-24.88978591703657,2,0.0,0.0,0.0,True,0.0,1.1102230246251565e-16,-24.871505860978743,-24.871505860978743
5.0,4.0,4.47213595499958,4,2,2,4.0,-1.0,paper_uncentered,original_projected,1,4.0,2,[],-24.873283585028577,-24.925942921721166,0.05265933669258871,-24.87328358502858,-24.88978591703657,30,1.1102230246251565e-15,1.2722753601699082e-13,0.0,True,2.220446049250313e-16,1.1102230246251565e-16,-24.873283585028577,-24.873283585028577
5.0,4.0,4.47213595499958,4,2,2,4.0,-1.0,paper_uncentered,original_projected,-1,4.0,2,[],-24.872983782332437,-24.925942921721166,0.052959139388729426,-24.87328358502858,-24.88978591703657,30,1.3322676295501878e-15,5.3542886627156684e-14,0.0,True,1.1102230246251565e-16,1.1102230246251565e-16,-24.872983782332437,-24.872983782332437
5.0,4.0,4.47213595499958,4,2,2,4.0,-1.0,paper_uncentered,endpoints,1,4.0,4,"[0.0, 1.0]",-24.916221224307474,-24.925942921721166,0.009721697413691999,-24.87328358502858,-24.88978591703657,66,2.220446049250313e-15,1.0156470349370844e-13,0.0,True,3.3306690738754696e-16,1.1102230246251565e-16,-24.916221224307474,-24.916221224307474
5.0,4.0,4.47213595499958,4,2,2,4.0,-1.0,paper_uncentered,endpoints,-1,4.0,4,"[0.0, 1.0]",-24.879489722423195,-24.925942921721166,0.04645319929797154,-24.87328358502858,-24.88978591703657,66,7.771561172376096e-16,7.83759542532527e-14,0.0,True,0.0,0.0,-24.879489722423195,-24.879489722423195
5.0,4.0,4.47213595499958,4,2,2,4.0,-1.0,paper_uncentered,grid3,1,4.0,5,"[0.0, 0.5, 1.0]",-24.91664056801274,-24.925942921721166,0.009302353708427802,-24.87328358502858,-24.88978591703657,102,1.4432899320127035e-15,1.785027304374553e-13,0.0,True,1.1102230246251565e-16,5.551115123125783e-17,-24.91664056801274,-24.91664056801274
5.0,4.0,4.47213595499958,4,2,2,4.0,-1.0,paper_uncentered,grid3,-1,4.0,5,"[0.0, 0.5, 1.0]",-24.881801762092834,-24.925942921721166,0.04414115962833165,-24.87328358502858,-24.88978591703657,102,2.220446049250313e-16,2.021594382283093e-13,0.0,True,0.0,0.0,-24.881801762092834,-24.881801762092834
5.0,4.0,4.47213595499958,4,2,2,4.0,-1.0,paper_uncentered,grid5,1,4.0,7,"[0.0, 0.25, 0.5, 0.75, 1.0]",-24.921305759647776,-24.925942921721166,0.004637162073390044,-24.87328358502858,-24.88978591703657,174,1.5543122344752192e-15,2.0460511020350453e-11,0.0,True,1.1102230246251565e-16,1.1102230246251565e-16,-24.921305759647776,-24.921305759647776
5.0,4.0,4.47213595499958,4,2,2,4.0,-1.0,paper_uncentered,grid5,-1,4.0,7,"[0.0, 0.25, 0.5, 0.75, 1.0]",-24.887976292390253,-24.925942921721166,0.03796662933091355,-24.87328358502858,-24.88978591703657,174,7.771561172376096e-16,2.8760821335347097e-11,0.0,True,4.440892098500626e-16,5.551115123125783e-17,-24.887976292390253,-24.887976292390253
5.0,4.0,4.47213595499958,4,2,2,4.0,-1.0,paper_uncentered,grid9,1,4.0,11,"[0.0, 0.125, 0.25, 0.375, 0.5, 0.625, 0.75, 0.875, 1.0]",-24.922074086857094,-24.925942921721166,0.0038688348640718573,-24.87328358502858,-24.88978591703657,248,1.9058088440715437e-12,6.574398828385115e-08,0.00016886823538797557,False,1.3322676295501878e-15,7.216449660063518e-16,-24.921920345278064,-24.922089213513452
5.0,4.0,4.47213595499958,4,2,2,4.0,-1.0,paper_uncentered,grid9,-1,4.0,11,"[0.0, 0.125, 0.25, 0.375, 0.5, 0.625, 0.75, 0.875, 1.0]",-24.889015638495668,-24.925942921721166,0.03692728322549854,-24.87328358502858,-24.88978591703657,248,6.022959908591474e-13,4.109841083177108e-08,0.0001425668503038935,False,1.4432899320127035e-15,1.6653345369377348e-16,-24.88889810366835,-24.889040670518654
