alpha,g,omega,L,neleca,nelecb,U,t,Nmax,D,energy_centered,paper_energy_shift,energy,residual,solver_converged,delta_E,cutoff_converged,cutoff_tolerance,residual_tolerance,required_consecutive,convention,seconds,matvecs
0.0,0.0,0.5,4,2,2,4.0,-1.0,0,36,-2.102748483462074,-0.0,-2.102748483462074,2.371503224531185e-09,True,,True,1e-06,1e-08,2,centered_solve_paper_energy,0.022226152999792248,23
0.4,0.4472135954999579,0.5,4,2,2,4.0,-1.0,2,2916,-2.122225747903048,-1.6,-3.7222257479030483,9.286729480341984e-09,True,,False,1e-06,1e-08,2,centered_solve_paper_energy,0.055140344993560575,43
0.4,0.4472135954999579,0.5,4,2,2,4.0,-1.0,4,22500,-2.1222346741416978,-1.6,-3.722234674141698,8.93472026208743e-09,True,8.926238649564766e-06,False,1e-06,1e-08,2,centered_solve_paper_energy,0.13428696199844126,34
0.4,0.4472135954999579,0.5,4,2,2,4.0,-1.0,6,86436,-2.122234678998451,-1.6,-3.722234678998451,8.986766168148502e-09,True,4.856753221815779e-09,False,1e-06,1e-08,2,centered_solve_paper_energy,0.5123970120039303,34
0.4,0.4472135954999579,0.5,4,2,2,4.0,-1.0,8,236196,-2.122234679001327,-1.6,-3.722234679001327,8.987263440317318e-09,True,2.8759217229890055e-12,True,1e-06,1e-08,2,centered_solve_paper_energy,1.1332080139982281,34
0.8,0.6324555320336759,0.5,4,2,2,4.0,-1.0,2,2916,-2.1433630127818786,-3.2,-5.343363012781879,6.897014925623099e-09,True,,False,1e-06,1e-08,2,centered_solve_paper_energy,0.04824569300399162,46
0.8,0.6324555320336759,0.5,4,2,2,4.0,-1.0,4,22500,-2.1434561189334707,-3.2,-5.343456118933471,9.523070414787987e-09,True,9.310615159208169e-05,False,1e-06,1e-08,2,centered_solve_paper_energy,0.12365774100180715,37
0.8,0.6324555320336759,0.5,4,2,2,4.0,-1.0,6,86436,-2.143456393949574,-3.2,-5.343456393949574,9.071041362883511e-09,True,2.750161032238907e-07,False,1e-06,1e-08,2,centered_solve_paper_energy,0.4009040590026416,37
0.8,0.6324555320336759,0.5,4,2,2,4.0,-1.0,8,236196,-2.1434563948682417,-3.2,-5.343456394868242,9.104419483010256e-09,True,9.186678084915911e-10,True,1e-06,1e-08,2,centered_solve_paper_energy,1.1094642370007932,37
1.2,0.7745966692414834,0.5,4,2,2,4.0,-1.0,2,2916,-2.1665258853882823,-4.8,-6.9665258853882825,7.971341219850796e-09,True,,False,1e-06,1e-08,2,centered_solve_paper_energy,0.04887790500652045,49
1.2,0.7745966692414834,0.5,4,2,2,4.0,-1.0,4,22500,-2.1669550275937133,-4.8,-6.966955027593713,6.398064463879112e-09,True,0.000429142205430999,False,1e-06,1e-08,2,centered_solve_paper_energy,0.1273747560044285,40
1.2,0.7745966692414834,0.5,4,2,2,4.0,-1.0,6,86436,-2.1669592680606087,-4.8,-6.9669592680606085,5.932898196782885e-09,True,4.240466895399919e-06,False,1e-06,1e-08,2,centered_solve_paper_energy,0.4160953789978521,40
1.2,0.7745966692414834,0.5,4,2,2,4.0,-1.0,8,236196,-2.166959316788085,-4.8,-6.966959316788085,6.314857700847526e-09,True,4.872747627615581e-08,False,1e-06,1e-08,2,centered_solve_paper_energy,1.358889631999773,40
1.2,0.7745966692414834,0.5,4,2,2,4.0,-1.0,10,527076,-2.1669593173568167,-4.8,-6.9669593173568165,6.453760263117556e-09,True,5.687317283786797e-10,True,1e-06,1e-08,2,centered_solve_paper_energy,2.637937963998411,40
1.6,0.8944271909999159,0.5,4,2,2,4.0,-1.0,2,2916,-2.1922150207377213,-6.4,-8.592215020737722,7.981502216496804e-09,True,,False,1e-06,1e-08,2,centered_solve_paper_energy,0.05410653300350532,53
1.6,0.8944271909999159,0.5,4,2,2,4.0,-1.0,4,22500,-2.1937000140420175,-6.4,-8.593700014042017,8.334289786943325e-09,True,0.0014849933042961894,False,1e-06,1e-08,2,centered_solve_paper_energy,0.11173592699924484,43
1.6,0.8944271909999159,0.5,4,2,2,4.0,-1.0,6,86436,-2.193745456389858,-6.4,-8.593745456389858,8.888768725469573e-09,True,4.544234784065182e-05,False,1e-06,1e-08,2,centered_solve_paper_energy,0.4165437519986881,44
1.6,0.8944271909999159,0.5,4,2,2,4.0,-1.0,8,236196,-2.1937471004461626,-6.4,-8.593747100446162,9.81747022149946e-09,True,1.6440563044284318e-06,False,1e-06,1e-08,2,centered_solve_paper_energy,1.0859211469942238,45
1.6,0.8944271909999159,0.5,4,2,2,4.0,-1.0,10,527076,-2.193747156842979,-6.4,-8.59374715684298,9.935382393179498e-09,True,5.639681655011941e-08,False,1e-06,1e-08,2,centered_solve_paper_energy,2.6404983200045535,45
1.6,0.8944271909999159,0.5,4,2,2,4.0,-1.0,12,1028196,-2.193747158530603,-6.4,-8.593747158530604,7.463090792335784e-09,True,1.6876238184693193e-09,True,1e-06,1e-08,2,centered_solve_paper_energy,6.249606394005241,46
2.0,1.0,0.5,4,2,2,4.0,-1.0,2,2916,-2.221134488504109,-8.0,-10.22113448850411,7.768465197222271e-09,True,,False,1e-06,1e-08,2,centered_solve_paper_energy,0.05350571699091233,55
2.0,1.0,0.5,4,2,2,4.0,-1.0,4,22500,-2.225856248460297,-8.0,-10.225856248460296,8.024441377878867e-09,True,0.004721759956188176,False,1e-06,1e-08,2,centered_solve_paper_energy,0.13252264200127684,56
2.0,1.0,0.5,4,2,2,4.0,-1.0,6,86436,-2.2264023074267,-8.0,-10.2264023074267,9.113231914808462e-09,True,0.000546058966402807,False,1e-06,1e-08,2,centered_solve_paper_energy,0.5006415020034183,63
2.0,1.0,0.5,4,2,2,4.0,-1.0,8,236196,-2.2264825279217124,-8.0,-10.226482527921712,9.644223636014392e-09,True,8.022049501255069e-05,False,1e-06,1e-08,2,centered_solve_paper_energy,1.590602875003242,72
2.0,1.0,0.5,4,2,2,4.0,-1.0,10,527076,-2.226491986946822,-8.0,-10.226491986946822,7.4371250065633225e-09,True,9.459025109403996e-06,False,1e-06,1e-08,2,centered_solve_paper_energy,4.195288108006935,75
2.0,1.0,0.5,4,2,2,4.0,-1.0,12,1028196,-2.22649280718276,-8.0,-10.22649280718276,7.878523526222212e-09,True,8.202359382813995e-07,False,1e-06,1e-08,2,centered_solve_paper_energy,10.42053433500405,75
2.0,1.0,0.5,4,2,2,4.0,-1.0,14,1822500,-2.2264928611924693,-8.0,-10.226492861192469,7.852395499434273e-09,True,5.400970914948289e-08,True,1e-06,1e-08,2,centered_solve_paper_energy,21.82509748399025,75
