omega,alpha,g,hf_energy,mp2_correction,lf_mp2_energy,ed_energy,hf_minus_ed,mp2_minus_ed,selected_start,orbital_grad_norm,lam_grad_max,orbital_gap_alpha,orbital_gap_beta,total_density,spin_density,mp2_max_total,mp2_configurations,minimum_denominator,mp2_nph11,mp2_nph13
0.5,0.0,0.0,-1.7632978285545784,-0.06697356729689287,-1.8302713958514714,-2.102748483462074,0.3394506549074956,0.27247708761060263,afm,4.1998798049569196e-07,0.0,3.2645855513712547,3.26458541891827,0.999999996774 1.00000003869 0.999999970113 0.999999994422,0.908073181408 0.091926835665 0.908073173322 0.0919268096054 0.0919268153663 0.908073203026 0.0919267967909 0.908073184817,8,200,0.5,-1.8302713958514714,-1.8302713958514714
0.5,0.4,0.4472135954999579,-3.3903528570521013,-0.0718369650199528,-3.4621898220720544,-3.722234679001327,0.33188182194922566,0.2600448569292726,afm,7.505916976330864e-08,3.24304160193023e-08,2.947843420477506,2.947843461601108,1.00000000066 0.999999992625 1.00000000537 1.00000000135,0.904161183945 0.0958388128668 0.904161185154 0.0958388180339 0.0958388167108 0.904161179758 0.0958388202144 0.904161183316,8,200,0.5,,
0.5,0.8,0.6324555320336759,-5.0192757392740335,-0.07866936195569403,-5.097945101229727,-5.343456394868242,0.3241806555942084,0.24551129363851487,previous,3.7245313509937514e-07,6.954951636828355e-08,2.6258312373989092,2.625831218795117,0.999999982451 0.999999973508 1.0000000134 1.00000003064,0.899810202457 0.100189775832 0.899810212926 0.100189808784 0.100189779993 0.899810197676 0.100189800471 0.89981022186,8,200,0.5,,
0.5,1.2000000000000002,0.7745966692414834,-6.650344320864681,-0.08824168384069613,-6.738586004705379,-6.9669593173568165,0.3166149964921354,0.22837331265143757,previous,9.337890438276514e-07,2.738306497107601e-07,2.297850622981199,2.297851029499041,1.00000006552 0.999999909653 1.00000002899 0.999999995842,0.894927851691 0.105072135531 0.894927847587 0.105072165192 0.105072213828 0.894927774122 0.1050721814 0.89492783065,8,200,0.5,,
0.5,1.6,0.8944271909999159,-8.283909048776685,-0.10171751487841023,-8.38562656365509,-8.593747158530604,0.3098381097539189,0.20812059487551338,previous,1.8412430329742689e-07,3.150346250535563e-08,1.9630264847178376,1.9630265083776162,0.999999990966 1.00000000354 0.99999998828 1.00000001721,0.889389172613 0.110610824372 0.889389175921 0.110610827094 0.110610818353 0.889389179171 0.11061081236 0.889389190116,8,200,0.5,-8.38562656365509,-8.38562656365509
0.5,2.0,1.0,-9.92042358266058,-0.12093247337527999,-10.041356056035863,-10.226492861192469,0.30606927853188814,0.18513680515660624,previous,4.255810331390424e-07,8.448208088651654e-08,1.6202262253344104,1.6202261752353337,1.00000000253 1.0000000009 1.00000000325 0.999999993324,0.883019203593 0.116980803918 0.883019159731 0.116980832758 0.116980798936 0.883019196982 0.116980843516 0.883019160566,8,200,0.5,,
0.5,2.4000000000000004,1.0954451150103324,-12.627943278067718,-0.03167023374459019,-12.659613511812301,-12.65804240968778,0.03009913162006228,-0.001571102124520607,cdw,1.1690439424473398e-06,3.3271031618653524e-07,3.916365210091969,3.916365224064234,1.86645016459 0.133549838238 1.86645015873 0.13354983844,0.933225064429 0.0667748892143 0.933225095017 0.0667749513396 0.933225100158 0.0667749490237 0.933225063717 0.0667748871005,8,200,0.5,,
0.5,2.8000000000000003,1.1832159566199232,-15.522233916388121,-0.010781021223761322,-15.533014937611894,-15.532140759146177,0.0099068427580562,-0.0008741784657164686,cdw,4.1202014172224127e-07,3.700277098062088e-07,5.736655398986875,5.736655448905968,1.9177730552 0.0822269440474 1.9177730554 0.0822269453561,0.958886524208 0.0411134767944 0.958886523361 0.0411134756362 0.958886530988 0.041113467253 0.95888653204 0.0411134697199,8,200,0.5,,
0.5,3.2,1.2649110640673518,-18.5207846662142,-0.004388576443107913,-18.525173242657306,-18.524825858605368,0.004041192391166959,-0.00034738405193834865,previous,2.2417855357023947e-07,5.686046122832522e-08,7.500562538891052,7.500562539393486,1.94501847409 0.0549815243104 1.94501848378 0.054981517817,0.972509237302 0.0274907616445 0.972509241558 0.0274907594957 0.972509236791 0.0274907626658 0.972509242222 0.0274907583212,8,200,0.5,-18.525173242657306,-18.525173242657306
0.5,3.6,1.3416407864998738,-21.579504983575383,-0.0020636510458092693,-21.5815686346212,-21.58142556320903,0.0019205796336478898,-0.0001430714121681831,previous,5.276988590858225e-07,1.5281365683961212e-07,9.220550425201502,9.220550379587364,1.96082430072 0.0391757006667 1.96082429907 0.0391756995442,0.980412154044 0.0195878462669 0.980412152732 0.0195878469569 0.980412146673 0.0195878543997 0.980412146339 0.0195878525873,8,200,0.5,,
0.5,4.0,1.4142135623730951,-24.675358287327448,-0.0010841400878913248,-24.67644242741536,-24.676379084041194,0.0010207967137461083,-6.334337416546987e-05,previous,2.0676040659756888e-07,3.1140322320766245e-08,10.91061224545285,10.910612245018596,1.97072581277 0.0292741840839 1.97072581315 0.0292741899882,0.985362906111 0.0146370918687 0.985362906918 0.0146370951023 0.985362906663 0.0146370922152 0.985362906236 0.0146370948859,8,200,0.5,-24.67644242741536,-24.67644242741536
5.0,0.0,0.0,-1.7632978285545784,-0.06697356729689287,-1.8302713958514714,-2.102748483462074,0.3394506549074956,0.27247708761060263,afm,4.1998798049569196e-07,0.0,3.2645855513712547,3.26458541891827,0.999999996774 1.00000003869 0.999999970113 0.999999994422,0.908073181408 0.091926835665 0.908073173322 0.0919268096054 0.0919268153663 0.908073203026 0.0919267967909 0.908073184817,8,200,3.26458541891827,-1.8302713958514714,-1.8302713958514714
5.0,0.4,1.4142135623730951,-3.5187548537036317,-0.07569305014190501,-3.5944479038455377,-3.8208165388903703,0.3020616851867386,0.22636863504483262,previous,2.6458027925581926e-07,1.7776780936173964e-07,2.576500493041451,2.5765004770917,0.999999997735 1.00000000371 0.999999996606 1.00000000195,0.889041518844 0.110958480649 0.889041542683 0.110958457824 0.110958478891 0.889041523057 0.110958453923 0.889041544129,8,200,2.5765004770917,,
5.0,0.8,2.0,-5.31459554649952,-0.08191108430383515,-5.396506630803355,-5.563903885022497,0.24930833852297685,0.16739725421914198,previous,7.040089224823997e-07,7.107326878141862e-07,1.885079394479613,1.8850795004050833,0.99999996647 1.00000001332 0.999999969473 1.00000005074,0.863965576281 0.136034410216 0.863965614034 0.136034399469 0.136034390189 0.863965603104 0.136034355439 0.863965651267,8,200,1.885079394479613,,
5.0,1.2000000000000002,2.4494897427831783,-7.16238530227403,-0.0794110802372722,-7.241796382511302,-7.34254382001493,0.18015851774089953,0.10074743750362813,afm,5.838564230023968e-08,5.916115330961702e-08,1.2241863878468227,1.224186392108641,1.00000000522 0.999999992891 1.00000000557 0.999999996315,0.832545280026 0.167454725646 0.832545277498 0.16745471683 0.167454725195 0.832545267244 0.167454728077 0.832545279484,8,200,1.2241863878468227,,
5.0,1.6,2.8284271247461903,-9.071326648818003,-0.06374315209330197,-9.135069800911303,-9.174936282997294,0.10360963417929092,0.03986648208599064,previous,6.490465536116554e-08,2.287995775063223e-07,0.6400965020844812,0.6400964983975879,0.999999988561 1.00000001463 0.99999999751 0.999999999297,0.796901049244 0.203098957568 0.796901045611 0.203098947577 0.203098939317 0.796901057064 0.203098951899 0.79690105172,8,200,0.6400964983975879,-9.135069800913197,-9.135069800913197
5.0,2.0,3.1622776601683795,-11.043840443140336,-0.04789709146155139,-11.091737534601885,-11.096623035077718,0.05278259193738144,0.004885500475833027,cdw,1.5151451041464194e-07,1.8544835889144906e-07,0.20988468053418918,0.20988467993307025,1.52214206842 0.477858009794 1.52214195446 0.477857967322,0.761071037359 0.238929004908 0.761070975208 0.238928982526 0.761071031064 0.238929004887 0.761070979253 0.238928984796,8,200,0.20988467993307025,,
5.0,2.4000000000000004,3.464101615137755,-13.52905143708211,-0.054155397456938315,-13.583206834539045,-13.598069602279995,0.0690181651978854,0.014862767740950744,previous,1.164065164773391e-07,6.762287951822543e-07,0.8101362349252557,0.8101362393314195,1.61815999126 0.381840013199 1.61815999283 0.381840002714,0.809079998501 0.190920004844 0.809079999217 0.190919997438 0.809079992758 0.190920008355 0.809079993612 0.190920005275,8,200,0.8101362349252557,,
5.0,2.8000000000000003,3.7416573867739418,-16.14512879177362,-0.057453878325148464,-16.20258267009877,-16.2524135875897,0.10728479581608141,0.049830917490929494,previous,6.684134621984419e-07,8.194566915586954e-07,1.7453217046567988,1.7453216976673076,1.74038455106 0.259615352494 1.74038462423 0.259615472219,0.870192240838 0.129807673924 0.870192342915 0.129807742323 0.87019231022 0.12980767857 0.870192281314 0.129807729896,8,200,1.7453216976673076,,
5.0,3.2,4.0,-18.930256929400382,-0.04274938731720493,-18.973006316717587,-19.039227943310348,0.10897101390996511,0.06622162659276043,previous,5.132960347027344e-07,1.6990774653891094e-07,3.061223360819679,3.0612233930731167,1.84352451691 0.156475504997 1.8435244369 0.15647554119,0.921762257152 0.078237756587 0.921762233279 0.0782377529821 0.921762259762 0.0782377484104 0.92176220362 0.0782377882077,8,200,3.061223360819679,-18.973006316766043,-18.973006316766092
5.0,3.6,4.242640687119285,-21.85616889684324,-0.027905248828505917,-21.884074145671732,-21.93892442358019,0.08275552673694975,0.0548502779084572,previous,1.9334622786567502e-07,5.5359558048806434e-08,4.5935939445604,4.593593935317974,1.90436948932 0.0956305088516 1.90436949651 0.0956305053194,0.952184746792 0.0478152581018 0.952184742624 0.0478152524819 0.95218474253 0.0478152507498 0.952184753883 0.0478152528375,8,200,4.593593935317974,,
5.0,4.0,4.47213595499958,-24.871505860978672,-0.018280056057904028,-24.88978591703657,-24.925942921721166,0.05443706074249377,0.03615700468459693,cdw,8.282867074149043e-07,6.958137532819819e-08,6.20835231126104,6.2083523083419205,1.93747679915 0.0625231989374 1.93747679615 0.0625232057602,0.968738411443 0.0312616085358 0.96873838514 0.0312615948817 0.968738387705 0.0312615904016 0.968738411015 0.0312616108785,8,200,5.0,-24.889785917039962,-24.889785917039966
